external_id,name,address_full,geocode_query
3195fbb36a6811db,บริษัท ชินวุธ มาร์เก็ตติ้ง จำกัด,"เลขที่ 63,65,67 ซอยรุ่งเรือง, กรุงเทพมหานคร","บริษัท ชินวุธ มาร์เก็ตติ้ง จำกัด, เลขที่ 63,65,67 ซอยรุ่งเรือง, กรุงเทพมหานคร, ประเทศไทย"
dd3f8a55f8a3d7f7,บริษัท จีระธนา เอ็นจิเนียริ่ง จำกัด,"เลขที่ 109/37 ซอยพระยาสุเรนทร์ 35, กรุงเทพมหานคร","บริษัท จีระธนา เอ็นจิเนียริ่ง จำกัด, เลขที่ 109/37 ซอยพระยาสุเรนทร์ 35, กรุงเทพมหานคร, ประเทศไทย"
3f28f942b4d2d328,บริษัท พีรญา เดคคอร์ จำกัด,"เลขที่ 19/88 หมู่บ้านซิกเนเจอร์ วัช, กรุงเทพมหานคร","บริษัท พีรญา เดคคอร์ จำกัด, เลขที่ 19/88 หมู่บ้านซิกเนเจอร์ วัช, กรุงเทพมหานคร, ประเทศไทย"
7cd128aee3e1ff36,บริษัท เคนคูนเอกซ์ จำกัด,"เลขที่ 28/2 หมู่ที่ 2, กรุงเทพมหานคร","บริษัท เคนคูนเอกซ์ จำกัด, เลขที่ 28/2 หมู่ที่ 2, กรุงเทพมหานคร, ประเทศไทย"
a03e7624eaebc466,บริษัท เฟล็กซิเมคซ์ จำกัด,"เลขที่ 5/145 ซอยพระยาสุเรนทร์ 24, กรุงเทพมหานคร","บริษัท เฟล็กซิเมคซ์ จำกัด, เลขที่ 5/145 ซอยพระยาสุเรนทร์ 24, กรุงเทพมหานคร, ประเทศไทย"
7eb9d674c740664e,บริษัท เบสท์ พอยท์ โปรดักชั่น จำกัด,"เลขที่ 548/54, กรุงเทพมหานคร","บริษัท เบสท์ พอยท์ โปรดักชั่น จำกัด, เลขที่ 548/54, กรุงเทพมหานคร, ประเทศไทย"
1680f7d2420d8e3c,บริษัท เอาล์ สตูดิโอ มัลติมีเดีย,"เลขที่ 16/399 ซอยเสือใหญ่อุทิศ, กรุงเทพมหานคร","บริษัท เอาล์ สตูดิโอ มัลติมีเดีย, เลขที่ 16/399 ซอยเสือใหญ่อุทิศ, กรุงเทพมหานคร, ประเทศไทย"
0cdb84f9fb8897ef,บริษัท พร็อพเพอร์ตี้กูรู อินเตอร์,"อาคารคอลัมน์ทาวเวอร์ ชั้นที่ 20 เลข, กรุงเทพมหานคร","บริษัท พร็อพเพอร์ตี้กูรู อินเตอร์, อาคารคอลัมน์ทาวเวอร์ ชั้นที่ 20 เลข, กรุงเทพมหานคร, ประเทศไทย"
9282c06ddcbc8da4,บริษัท จีเอเบิล จำกัด (มหาชน),"เลขที่ 127/30 อาคารปัญจธานี ชั้น, กรุงเทพมหานคร","บริษัท จีเอเบิล จำกัด (มหาชน), เลขที่ 127/30 อาคารปัญจธานี ชั้น, กรุงเทพมหานคร, ประเทศไทย"
1b42c89d38f28489,บริษัท สยามไดกิ้นเซลส์ จำกัด,"เลขที่ 22 ซอยอ่อนนุช 55/1 22 แขวงประเวศ เขตประเวศ, กรุงเทพมหานคร","บริษัท สยามไดกิ้นเซลส์ จำกัด, เลขที่ 22 ซอยอ่อนนุช 55/1 22 แขวงประเวศ เขตประเวศ, กรุงเทพมหานคร, ประเทศไทย"
aeed95c3b5df0ef1,บริษัท มากมี ค้าวัสดุ จำกัด,"เลขที่ 505/15, กรุงเทพมหานคร","บริษัท มากมี ค้าวัสดุ จำกัด, เลขที่ 505/15, กรุงเทพมหานคร, ประเทศไทย"
ac6679a2c2d603e6,บริษัท แกรนด์โฮมมาร์ท จำกัด,"เลขที่ 82/90 หมู่ที่ 6 ถนนงามวงศ์วาน แขวงทุ่งสองห้อง เขตหลักสี่ กรุงเทพมหานคร 10210, กรุงเทพมหานคร","บริษัท แกรนด์โฮมมาร์ท จำกัด, เลขที่ 82/90 หมู่ที่ 6 ถนนงามวงศ์วาน แขวงทุ่งสองห้อง เขตหลักสี่ กรุงเทพมหานคร 10210, กรุงเทพมหานคร, ประเทศไทย"
d3e5f4ec44304ed2,บริษัท พี แอนด์ เจ อินเตอร์,"เลขที่ 21 ซอยรามอินทรา 44, กรุงเทพมหานคร","บริษัท พี แอนด์ เจ อินเตอร์, เลขที่ 21 ซอยรามอินทรา 44, กรุงเทพมหานคร, ประเทศไทย"
d545ee3c84750928,บริษัท ส.นภา (ประเทศไทย) จำกัด,"อาคารทู แปซิฟิค เพลส ชั้นที่ 20 เลข, กรุงเทพมหานคร","บริษัท ส.นภา (ประเทศไทย) จำกัด, อาคารทู แปซิฟิค เพลส ชั้นที่ 20 เลข, กรุงเทพมหานคร, ประเทศไทย"
a7d2f50c88a68183,บริษัท คอมฟอทต้า จำกัด,"เลขที่ 25/1 ชั้นที่ 1 ซอยพระยาสุเรน, กรุงเทพมหานคร","บริษัท คอมฟอทต้า จำกัด, เลขที่ 25/1 ชั้นที่ 1 ซอยพระยาสุเรน, กรุงเทพมหานคร, ประเทศไทย"
6fdda076b603eed1,บริษัท สปอร์ตแอธล่อน (ประเทศไทย),"อาคารโฮมเพลสออฟฟิศบิวดิ้ง ชั้นที่ 1, กรุงเทพมหานคร","บริษัท สปอร์ตแอธล่อน (ประเทศไทย), อาคารโฮมเพลสออฟฟิศบิวดิ้ง ชั้นที่ 1, กรุงเทพมหานคร, ประเทศไทย"
fa5869c02c9e43ce,บริษัท มิสเตอร์ไฟฟ้าใต้ดิน จำกัด,"เลขที่ 19/2 ซอยพุทธบูชา 36 แยก 4, กรุงเทพมหานคร","บริษัท มิสเตอร์ไฟฟ้าใต้ดิน จำกัด, เลขที่ 19/2 ซอยพุทธบูชา 36 แยก 4, กรุงเทพมหานคร, ประเทศไทย"
a0a849a36dcee2f8,บริษัท ชิค รีพับบลิค จำกัด (มหาชน),"เลขที่ 90 ซอยโยธินพัฒนา, กรุงเทพมหานคร","บริษัท ชิค รีพับบลิค จำกัด (มหาชน), เลขที่ 90 ซอยโยธินพัฒนา, กรุงเทพมหานคร, ประเทศไทย"
231f9ee2acd438b3,บริษัท ดิ พรอมิส พลัส คอนซัลติ้ง,"เลขที่ 25/12 หมู่บ้านเดยส์ รามอินทร, กรุงเทพมหานคร","บริษัท ดิ พรอมิส พลัส คอนซัลติ้ง, เลขที่ 25/12 หมู่บ้านเดยส์ รามอินทร, กรุงเทพมหานคร, ประเทศไทย"
9c6c5b146c2f7764,บริษัท กรุงไทย พานิชประกันภัย,"อาคารเคพีไอทาวเวอร์ เลขที่ 1122, กรุงเทพมหานคร","บริษัท กรุงไทย พานิชประกันภัย, อาคารเคพีไอทาวเวอร์ เลขที่ 1122, กรุงเทพมหานคร, ประเทศไทย"
2bdacc1bba441a86,บริษัท โมแซนโต้ จำกัด,"เลขที่ 15/267 ซอยนวลจันทร์ 21, กรุงเทพมหานคร","บริษัท โมแซนโต้ จำกัด, เลขที่ 15/267 ซอยนวลจันทร์ 21, กรุงเทพมหานคร, ประเทศไทย"
2b0d1fee94cb4287,บริษัท อินฟินิตี้พลัส เทรดดิ้ง,"เลขที่ 1/19 ชั้นที่ 2 ซอยสุภาพงษ์ 1, กรุงเทพมหานคร","บริษัท อินฟินิตี้พลัส เทรดดิ้ง, เลขที่ 1/19 ชั้นที่ 2 ซอยสุภาพงษ์ 1, กรุงเทพมหานคร, ประเทศไทย"
685f6bd70007a7e1,บริษัท แอด ออน บอร์ด จำกัด,"เลขที่ 335/8, กรุงเทพมหานคร","บริษัท แอด ออน บอร์ด จำกัด, เลขที่ 335/8, กรุงเทพมหานคร, ประเทศไทย"
c8ac03351dbb6017,บริษัท สามเสน พัฒนา จำกัด,"เลขที่ 61 ซอยอินทามระ 8, กรุงเทพมหานคร","บริษัท สามเสน พัฒนา จำกัด, เลขที่ 61 ซอยอินทามระ 8, กรุงเทพมหานคร, ประเทศไทย"
6c061b9f33c1b1a2,บริษัท เฟฮู ดีไซน์ จำกัด,"เลขที่ 128/4 ซอยรามอินทรา 40 แยก 23, กรุงเทพมหานคร","บริษัท เฟฮู ดีไซน์ จำกัด, เลขที่ 128/4 ซอยรามอินทรา 40 แยก 23, กรุงเทพมหานคร, ประเทศไทย"
bb30eeac0ad36ea0,บริษัท โปรไลฟ์ พลัส จำกัด (มหาชน),"เลขที่ 109/8,109/9, กรุงเทพมหานคร","บริษัท โปรไลฟ์ พลัส จำกัด (มหาชน), เลขที่ 109/8,109/9, กรุงเทพมหานคร, ประเทศไทย"
89a31af24f8c6fa2,บริษัท ดีบี สตูดิโอ จำกัด,"เลขที่ 38/3 ซอยจรัญสนิทวงศ์ 44, กรุงเทพมหานคร","บริษัท ดีบี สตูดิโอ จำกัด, เลขที่ 38/3 ซอยจรัญสนิทวงศ์ 44, กรุงเทพมหานคร, ประเทศไทย"
8a4a139fbe096881,บริษัท บียอนด์ แอนด์ เบสท์เตอร์,"เลขที่ 40 ซอยเพชรเกษม 102/4, กรุงเทพมหานคร","บริษัท บียอนด์ แอนด์ เบสท์เตอร์, เลขที่ 40 ซอยเพชรเกษม 102/4, กรุงเทพมหานคร, ประเทศไทย"
578c5268b7402850,บริษัท เวโลบิส จำกัด,"เลขที่ 64 ซอย ประเสริฐมนูกิจ 5, กรุงเทพมหานคร","บริษัท เวโลบิส จำกัด, เลขที่ 64 ซอย ประเสริฐมนูกิจ 5, กรุงเทพมหานคร, ประเทศไทย"
719db9a93c8116ae,บริษัท สิธาอาร์คิเทค จำกัด,"เลขที่ 12 ซอยนวมินทร์ 74 แยก 3-8-17, กรุงเทพมหานคร","บริษัท สิธาอาร์คิเทค จำกัด, เลขที่ 12 ซอยนวมินทร์ 74 แยก 3-8-17, กรุงเทพมหานคร, ประเทศไทย"
a3a9ad86abce1ad5,บริษัท แอส สตรอง เอ็นจิเนีย จำกัด,"เลขที่ 545 ซอยรัชดานิเวศน์, กรุงเทพมหานคร","บริษัท แอส สตรอง เอ็นจิเนีย จำกัด, เลขที่ 545 ซอยรัชดานิเวศน์, กรุงเทพมหานคร, ประเทศไทย"
4db9af4ce74c377f,บริษัท รักษาความปลอดภัย สมพรเอส,"เลขที่ 69 ซอยพหลโยธิน 48 แยก 53, กรุงเทพมหานคร","บริษัท รักษาความปลอดภัย สมพรเอส, เลขที่ 69 ซอยพหลโยธิน 48 แยก 53, กรุงเทพมหานคร, ประเทศไทย"
edf601ad7f3363b1,บริษัท แพลน บี มีเดีย จำกัด (มหาชน),"เลขที่ 1700 อาคาร แพลน บี ทาวเวอร์, กรุงเทพมหานคร","บริษัท แพลน บี มีเดีย จำกัด (มหาชน), เลขที่ 1700 อาคาร แพลน บี ทาวเวอร์, กรุงเทพมหานคร, ประเทศไทย"
654a5fcc11188eb5,บริษัท ไอคอน เฟรมเวิร์ค จำกัด,"อาคารฟินิกซ์ ชั้นที่ 6 ห้องเลขที่ 6, กรุงเทพมหานคร","บริษัท ไอคอน เฟรมเวิร์ค จำกัด, อาคารฟินิกซ์ ชั้นที่ 6 ห้องเลขที่ 6, กรุงเทพมหานคร, ประเทศไทย"
8607c3d76bad18d1,บริษัท เวอร์ค จำกัด,"เลขที่ 12 ซอยกุศลศิลป์, กรุงเทพมหานคร","บริษัท เวอร์ค จำกัด, เลขที่ 12 ซอยกุศลศิลป์, กรุงเทพมหานคร, ประเทศไทย"
2fa67f89095c1c12,บริษัท ไทยเร้นท์อะคาร์ คอร์ปอเร,"เลขที่ 288/8, กรุงเทพมหานคร","บริษัท ไทยเร้นท์อะคาร์ คอร์ปอเร, เลขที่ 288/8, กรุงเทพมหานคร, ประเทศไทย"
5d78a826fe8ffd3f,บริษัท โตชิบา เทค (ประเทศไทย) จำกัด,"อาคารไทย ซีซี ทาวเวอร์ เลขที่ 43, กรุงเทพมหานคร","บริษัท โตชิบา เทค (ประเทศไทย) จำกัด, อาคารไทย ซีซี ทาวเวอร์ เลขที่ 43, กรุงเทพมหานคร, ประเทศไทย"
2ae51af63dd0435b,บริษัท สปอร์ตส เอ็นจิเนียริ่ง,"เลขที่ 164 ซอยศูนย์วิจัย 14, กรุงเทพมหานคร","บริษัท สปอร์ตส เอ็นจิเนียริ่ง, เลขที่ 164 ซอยศูนย์วิจัย 14, กรุงเทพมหานคร, ประเทศไทย"
a45f05b285580f9a,ห้างหุ้นส่วนจำกัด ซิตี้ ทูลส์,"เลขที่ 334 ซอย บุรีรมย์ 5, กรุงเทพมหานคร","ห้างหุ้นส่วนจำกัด ซิตี้ ทูลส์, เลขที่ 334 ซอย บุรีรมย์ 5, กรุงเทพมหานคร, ประเทศไทย"
5d66247f3caec318,บริษัท พีที วิศวะ กรุ๊ป 789 จำกัด,"เลขที่ 142/16 ซอย พหลโยธิน 50 แยก 1, กรุงเทพมหานคร","บริษัท พีที วิศวะ กรุ๊ป 789 จำกัด, เลขที่ 142/16 ซอย พหลโยธิน 50 แยก 1, กรุงเทพมหานคร, ประเทศไทย"
a3db77b55eedbf2c,ห้างหุ้นส่วนจำกัด กรีน โมเดล,"เลขที่ 253/617,618,619, กรุงเทพมหานคร","ห้างหุ้นส่วนจำกัด กรีน โมเดล, เลขที่ 253/617,618,619, กรุงเทพมหานคร, ประเทศไทย"
a42b0acfab8ff88b,บริษัท เอ็นไวแล็บ จำกัด,"เลขที่ 540,540/1, กรุงเทพมหานคร","บริษัท เอ็นไวแล็บ จำกัด, เลขที่ 540,540/1, กรุงเทพมหานคร, ประเทศไทย"
f446ead95a9673bf,บริษัท ไอริส เทคโนโลยี จำกัด,"เลขที่ 12/5 ซอยรามอินทรา 93, กรุงเทพมหานคร","บริษัท ไอริส เทคโนโลยี จำกัด, เลขที่ 12/5 ซอยรามอินทรา 93, กรุงเทพมหานคร, ประเทศไทย"
52c31bc04605f34a,บริษัท ๙นาคราช จำกัด,"เลขที่ 289/60 ซอยร่มเกล้า 6/1, กรุงเทพมหานคร","บริษัท ๙นาคราช จำกัด, เลขที่ 289/60 ซอยร่มเกล้า 6/1, กรุงเทพมหานคร, ประเทศไทย"
b6996e7347f62c7c,บริษัท เด็พสโตรค สตูดิโอ จำกัด,"เลขที่ 999/24 หมู่บ้าน เดอะคอมเมิร์, กรุงเทพมหานคร","บริษัท เด็พสโตรค สตูดิโอ จำกัด, เลขที่ 999/24 หมู่บ้าน เดอะคอมเมิร์, กรุงเทพมหานคร, ประเทศไทย"
b758696a8f31a5d1,บริษัท นอร์ทติ้งแฮม เซอร์วิสเซส จำก,"อาคารเวลเพลซ อพาร์ทเม้นท์ ชั้นที่ 2, กรุงเทพมหานคร","บริษัท นอร์ทติ้งแฮม เซอร์วิสเซส จำก, อาคารเวลเพลซ อพาร์ทเม้นท์ ชั้นที่ 2, กรุงเทพมหานคร, ประเทศไทย"
bf3fec16b330b1af,บริษัท ปิยะสวัสดิ์ จำกัด,"เลขที่ 98/2 ซอยลาดพร้าว 110 แยก 2, กรุงเทพมหานคร","บริษัท ปิยะสวัสดิ์ จำกัด, เลขที่ 98/2 ซอยลาดพร้าว 110 แยก 2, กรุงเทพมหานคร, ประเทศไทย"
933330c46c653a7b,บริษัท กรีนสเปซ จำกัด,"เลขที่ 59/19 ซอยนิมิตใหม่ 28, กรุงเทพมหานคร","บริษัท กรีนสเปซ จำกัด, เลขที่ 59/19 ซอยนิมิตใหม่ 28, กรุงเทพมหานคร, ประเทศไทย"
3308c2bd4404a21f,บริษัท คิว มีเดีย แอนด์ ดีไซน์,"เลขที่ 2 ซอยหัวหมาก 27, กรุงเทพมหานคร","บริษัท คิว มีเดีย แอนด์ ดีไซน์, เลขที่ 2 ซอยหัวหมาก 27, กรุงเทพมหานคร, ประเทศไทย"
4e49a34cd4847206,บริษัท สมาร์ท อินเตอร์เทรด กรุ๊ป จำกัด,"เลขที่ 171/98-99 ซอยลาดพร้าว 80(จัน, กรุงเทพมหานคร","บริษัท สมาร์ท อินเตอร์เทรด กรุ๊ป จำกัด, เลขที่ 171/98-99 ซอยลาดพร้าว 80(จัน, กรุงเทพมหานคร, ประเทศไทย"
11f09e1512a12aa5,บริษัท พีเค พร้อม คอนสตรัคชั่น จำกัด,"เลขที่ 275 ซอยวงศ์สว่าง 13, กรุงเทพมหานคร","บริษัท พีเค พร้อม คอนสตรัคชั่น จำกัด, เลขที่ 275 ซอยวงศ์สว่าง 13, กรุงเทพมหานคร, ประเทศไทย"
1010cde1f38b4a6b,บริษัท คอร์โน แอนด์ แนช จำกัด,"เลขที่ 115/66 ซอยรามอินทรา 40, กรุงเทพมหานคร","บริษัท คอร์โน แอนด์ แนช จำกัด, เลขที่ 115/66 ซอยรามอินทรา 40, กรุงเทพมหานคร, ประเทศไทย"
d6a51dfa5c879228,บริษัท เฟอร์ อิน โฮม จำกัด,"เลขที่ 41 ซอยนิมิตใหม่ 33, กรุงเทพมหานคร","บริษัท เฟอร์ อิน โฮม จำกัด, เลขที่ 41 ซอยนิมิตใหม่ 33, กรุงเทพมหานคร, ประเทศไทย"
f20088ab910703d3,บริษัท เทอร์ราซโซที่ 8 จำกัด,"เลขที่ 101 ซอยศาลาธรรมสพน์ 48, กรุงเทพมหานคร","บริษัท เทอร์ราซโซที่ 8 จำกัด, เลขที่ 101 ซอยศาลาธรรมสพน์ 48, กรุงเทพมหานคร, ประเทศไทย"
dbec77a095b0b89d,บริษัท พราวเวส จำกัด,"เลขที่ 49 ซอยบรมราชชนนี 72, กรุงเทพมหานคร","บริษัท พราวเวส จำกัด, เลขที่ 49 ซอยบรมราชชนนี 72, กรุงเทพมหานคร, ประเทศไทย"
2c90ce04ade4d11d,บริษัท ไวซ์ไซท์ (ประเทศไทย) จำกัด,"อาคาร ซันทาวเวอร์ส บี ห้องเลขที่ บี, กรุงเทพมหานคร","บริษัท ไวซ์ไซท์ (ประเทศไทย) จำกัด, อาคาร ซันทาวเวอร์ส บี ห้องเลขที่ บี, กรุงเทพมหานคร, ประเทศไทย"
117aa0c2272ab107,บริษัท อาซ์คมี โซลูชั่น แอนด์ คอนซัลแทนท์ จํากัด,"อาคาร บางกอกไทยทาวเวอร์ ห้องเลขที่, กรุงเทพมหานคร","บริษัท อาซ์คมี โซลูชั่น แอนด์ คอนซัลแทนท์ จํากัด, อาคาร บางกอกไทยทาวเวอร์ ห้องเลขที่, กรุงเทพมหานคร, ประเทศไทย"
1952bbac157b008c,บริษัท วีวี ดีซายน์ แลนสเคป อาร์คิเทค จำกัด,"อาคาร มิ้นทาวเวอร์ ห้องเลขที่ 508, กรุงเทพมหานคร","บริษัท วีวี ดีซายน์ แลนสเคป อาร์คิเทค จำกัด, อาคาร มิ้นทาวเวอร์ ห้องเลขที่ 508, กรุงเทพมหานคร, ประเทศไทย"
0f7f5fddd91e59f9,บริษัท พินโน โซลูชั่นส์ จำกัด,"อาคาร อิตัลไทย ทาวเวอร์ ชั้นที่ 18, กรุงเทพมหานคร","บริษัท พินโน โซลูชั่นส์ จำกัด, อาคาร อิตัลไทย ทาวเวอร์ ชั้นที่ 18, กรุงเทพมหานคร, ประเทศไทย"
7314daeea03c1773,บริษัท รักษาความปลอดภัย พีซีเอสและฟาซิลิตี้ เซอร์วิสเซส จํากัด,"เลขที่ 234 ซอยสุขุมวิท101(ปุณณวิถี), กรุงเทพมหานคร","บริษัท รักษาความปลอดภัย พีซีเอสและฟาซิลิตี้ เซอร์วิสเซส จํากัด, เลขที่ 234 ซอยสุขุมวิท101(ปุณณวิถี), กรุงเทพมหานคร, ประเทศไทย"
f9c4973f21490152,บริษัท วู้ดเอมไพร์ จำกัด,"เลขที่ 187/21 ซอยลาดพร้าว 122(มหาดไ, กรุงเทพมหานคร","บริษัท วู้ดเอมไพร์ จำกัด, เลขที่ 187/21 ซอยลาดพร้าว 122(มหาดไ, กรุงเทพมหานคร, ประเทศไทย"
106ab31fe762592e,บริษัท บิสซิเนส แอพพลิเคชั่น จำกัด,"อาคาร ไทยสมุทร ชั้นที่ 2 ยูนิต 163 ถ. สุรวงศ์ แขวงสุริยวงศ์ เขตบางรัก กรุงเทพมหานคร 10500, กรุงเทพมหานคร","บริษัท บิสซิเนส แอพพลิเคชั่น จำกัด, อาคาร ไทยสมุทร ชั้นที่ 2 ยูนิต 163 ถ. สุรวงศ์ แขวงสุริยวงศ์ เขตบางรัก กรุงเทพมหานคร 10500, กรุงเทพมหานคร, ประเทศไทย"
f2c236a06f2065a2,นางสาวปุณยนุช ทองอร่าม,"เลขที่ 650/539 ซ.นวมินทร์ 26 แยก 6-, กรุงเทพมหานคร","นางสาวปุณยนุช ทองอร่าม, เลขที่ 650/539 ซ.นวมินทร์ 26 แยก 6-, กรุงเทพมหานคร, ประเทศไทย"
e6b6b590a1d0ffb5,บริษัท ลัคกี้ พลาซ่า แอนด์ ซุปเปอร์สโตร์ จำกัด,"1010/42 หมู่ 3 ถนนเทพารักษ์ ตำบลเทพารักษ์ อำเภอเมืองสมุทรปราการ จังหวัดสมุทรปราการ 10270, สมุทรปราการ","บริษัท ลัคกี้ พลาซ่า แอนด์ ซุปเปอร์สโตร์ จำกัด, 1010/42 หมู่ 3 ถนนเทพารักษ์ ตำบลเทพารักษ์ อำเภอเมืองสมุทรปราการ จังหวัดสมุทรปราการ 10270, สมุทรปราการ, ประเทศไทย"
90e3dd1339662f9a,บริษัท อ๊อตโต้ กรุ๊ป จำกัด,"เลขที่ 199/350 ซอยนวมินทร์ 42, กรุงเทพมหานคร","บริษัท อ๊อตโต้ กรุ๊ป จำกัด, เลขที่ 199/350 ซอยนวมินทร์ 42, กรุงเทพมหานคร, ประเทศไทย"
eaaf23e5fff154f8,บริษัท เมคอะซีน จำกัด,"1706/26, เซฟบ๊อกซ์ ออฟฟิศ กรุงเทพฯ, ชั้น 1, ห้อง บ๊อกซ์ 5, ถนนพระรามที่ 6, แขวงรองเมือง, เขตปทุมวัน, กรุงเทพมหานคร 10330, กรุงเทพมหานคร","บริษัท เมคอะซีน จำกัด, 1706/26, เซฟบ๊อกซ์ ออฟฟิศ กรุงเทพฯ, ชั้น 1, ห้อง บ๊อกซ์ 5, ถนนพระรามที่ 6, แขวงรองเมือง, เขตปทุมวัน, กรุงเทพมหานคร 10330, กรุงเทพมหานคร, ประเทศไทย"
dd06d653b2a71151,บริษัท นูโอโว่โพรดักส์ จำกัด,"เลขที่ 20 ซอย 52 (การเคหะฯ), กรุงเทพมหานคร","บริษัท นูโอโว่โพรดักส์ จำกัด, เลขที่ 20 ซอย 52 (การเคหะฯ), กรุงเทพมหานคร, ประเทศไทย"
2feb92a08274b8ef,บริษัท เอสเอ็มแอล ครีเอทีฟ เฮาส์ จำ,"เลขที่ 590/154 ซอยอ่อนนุช 70/1, กรุงเทพมหานคร","บริษัท เอสเอ็มแอล ครีเอทีฟ เฮาส์ จำ, เลขที่ 590/154 ซอยอ่อนนุช 70/1, กรุงเทพมหานคร, ประเทศไทย"
dce05313eb9f6446,บริษัท เอสเนอร์จี จำกัด,"เลขที่ 186 ซอยประเสริฐมนูกิจ 29, กรุงเทพมหานคร","บริษัท เอสเนอร์จี จำกัด, เลขที่ 186 ซอยประเสริฐมนูกิจ 29, กรุงเทพมหานคร, ประเทศไทย"
56895f70f9bd9cd6,บริษัท เริ่มใหม่ จำกัด,"เลขที่ 11/5 ซอยเพิ่มสิน 20 แยก 2, กรุงเทพมหานคร","บริษัท เริ่มใหม่ จำกัด, เลขที่ 11/5 ซอยเพิ่มสิน 20 แยก 2, กรุงเทพมหานคร, ประเทศไทย"
da0d37087e6e9bcb,บริษัท ก้าวคนละก้าว ธุรกิจเพื่อสังคม,"1254/13 ซอยลาดพร้าว 87 (จันทราสุข) แขวงคลองจั่น เขตบางกะปิ กรุงเทพมหานคร 10240, กรุงเทพมหานคร","บริษัท ก้าวคนละก้าว ธุรกิจเพื่อสังคม, 1254/13 ซอยลาดพร้าว 87 (จันทราสุข) แขวงคลองจั่น เขตบางกะปิ กรุงเทพมหานคร 10240, กรุงเทพมหานคร, ประเทศไทย"
69f5b247f6a02611,บริษัท บางกอก ซัพพลาย (2022) จำกัด,"เลขที่ 109/8,109/9, กรุงเทพมหานคร","บริษัท บางกอก ซัพพลาย (2022) จำกัด, เลขที่ 109/8,109/9, กรุงเทพมหานคร, ประเทศไทย"
d16cc57e6e6e004a,บริษัท ลิฟวิ่ง อินไซเดอร์ จำกัด,"213/1-3 ถนนรัชดาภิเษก แขวงรัชดาภิเษก เขตดินแดง กรุงเทพมหานคร 10400, กรุงเทพมหานคร","บริษัท ลิฟวิ่ง อินไซเดอร์ จำกัด, 213/1-3 ถนนรัชดาภิเษก แขวงรัชดาภิเษก เขตดินแดง กรุงเทพมหานคร 10400, กรุงเทพมหานคร, ประเทศไทย"
aa8631fc0742f23f,บริษัท คอนสตรัคชั่น ไลนส์ จำกัด,"55 ซ. รามอินทรา 23 อนุสาวรีย์, เขตบางเขน กรุงเทพมหานคร 10220, กรุงเทพมหานคร","บริษัท คอนสตรัคชั่น ไลนส์ จำกัด, 55 ซ. รามอินทรา 23 อนุสาวรีย์, เขตบางเขน กรุงเทพมหานคร 10220, กรุงเทพมหานคร, ประเทศไทย"
fb785e44ed76f74c,บริษัท ที.โฟร์ คอนสตรัคชั่น จำกัด,"เลขที่ 9 ซอยบางแวก 156, กรุงเทพมหานคร","บริษัท ที.โฟร์ คอนสตรัคชั่น จำกัด, เลขที่ 9 ซอยบางแวก 156, กรุงเทพมหานคร, ประเทศไทย"
070eee0b936a3768,บริษัท ธรรมสรณ์ จำกัด,"เลขที่ 156/20, กรุงเทพมหานคร","บริษัท ธรรมสรณ์ จำกัด, เลขที่ 156/20, กรุงเทพมหานคร, ประเทศไทย"
78476578d30ba888,บริษัท ธนาคูณอินเตอร์เนชั่นแนล จำกัด,"เลขที่ 71, กรุงเทพมหานคร","บริษัท ธนาคูณอินเตอร์เนชั่นแนล จำกัด, เลขที่ 71, กรุงเทพมหานคร, ประเทศไทย"
996842ef45da49a0,บริษัท กู๊ดลิ้งค์ เนทเวอร์ค จำกัด,"เลขที่ 8/11 ซอยเทียนทะเล 7, กรุงเทพมหานคร","บริษัท กู๊ดลิ้งค์ เนทเวอร์ค จำกัด, เลขที่ 8/11 ซอยเทียนทะเล 7, กรุงเทพมหานคร, ประเทศไทย"
6ea0589f59f0e2c0,บริษัท สินอุดมคอนกรีต จำกัด,"เลขที่ 27, กรุงเทพมหานคร","บริษัท สินอุดมคอนกรีต จำกัด, เลขที่ 27, กรุงเทพมหานคร, ประเทศไทย"
79ffc7872b983692,บริษัท เวสเทิร์น เดคอร์ คอร์ปอเรชั่น จำกัด,"เลขที่ 1168/81-82 อาคาร ลุมพินีทาวเ, กรุงเทพมหานคร","บริษัท เวสเทิร์น เดคอร์ คอร์ปอเรชั่น จำกัด, เลขที่ 1168/81-82 อาคาร ลุมพินีทาวเ, กรุงเทพมหานคร, ประเทศไทย"
43b7f406e61f0f1c,บริษัท โคห์เลอร์ (ประเทศไทย) จำกัด (มหาชน),"2 ซอยสุขุมวิท 23 อาคารจัสมิน ซิตี้ ชั้น 16, กรุงเทพมหานคร","บริษัท โคห์เลอร์ (ประเทศไทย) จำกัด (มหาชน), 2 ซอยสุขุมวิท 23 อาคารจัสมิน ซิตี้ ชั้น 16, กรุงเทพมหานคร, ประเทศไทย"
e7d4c768f72553ab,ห้างหุ้นส่วนจำกัด เจ.ซี.โซลูชั่น แอน์ เซอร์วิส,"เลขที่ 1164/2, กรุงเทพมหานคร","ห้างหุ้นส่วนจำกัด เจ.ซี.โซลูชั่น แอน์ เซอร์วิส, เลขที่ 1164/2, กรุงเทพมหานคร, ประเทศไทย"
c224dc2fb6473a25,บริษัท โมดูลั่ม จำกัด,"เลขที่ 16 ซอยวิภาวดีรังสิต 16, กรุงเทพมหานคร","บริษัท โมดูลั่ม จำกัด, เลขที่ 16 ซอยวิภาวดีรังสิต 16, กรุงเทพมหานคร, ประเทศไทย"
2b7817ebb24fb6c3,ห้างหุ้นส่วนจำกัด ทรี ทรี การ์เด้นท์,"เลขที่ 993/7, กรุงเทพมหานคร","ห้างหุ้นส่วนจำกัด ทรี ทรี การ์เด้นท์, เลขที่ 993/7, กรุงเทพมหานคร, ประเทศไทย"
bab0885d0f02568e,บริษัท ยันต์ชนะ จำกัด,"เลขที่ 128 ซอย โชติสหาย, กรุงเทพมหานคร","บริษัท ยันต์ชนะ จำกัด, เลขที่ 128 ซอย โชติสหาย, กรุงเทพมหานคร, ประเทศไทย"
d654da83fbb837bb,บริษัท จอห์นสัน เฮลธ์ เทค (ประเทศไทย) จำกัด,"2/3 อาคารบางนาทาวเวอร์ ชั้นที่ 9 หมู่ที่ 14 ถนนบางนา-ตราด ตำบลบางแก้ว อำเภอบางพลี จ.สมุทรปราการ 10540., สมุทรปราการ","บริษัท จอห์นสัน เฮลธ์ เทค (ประเทศไทย) จำกัด, 2/3 อาคารบางนาทาวเวอร์ ชั้นที่ 9 หมู่ที่ 14 ถนนบางนา-ตราด ตำบลบางแก้ว อำเภอบางพลี จ.สมุทรปราการ 10540., สมุทรปราการ, ประเทศไทย"
e08fe255e2402114,บริษัท วีรศา จำกัด,"เลขที่ 2077 ถ. เพชรบุรีตัดใหม่ แขวงบางกะปิ เขตห้วยขวาง กรุงเทพมหานคร 10320, กรุงเทพมหานคร","บริษัท วีรศา จำกัด, เลขที่ 2077 ถ. เพชรบุรีตัดใหม่ แขวงบางกะปิ เขตห้วยขวาง กรุงเทพมหานคร 10320, กรุงเทพมหานคร, ประเทศไทย"
dbb6e22eb84ae383,บริษัท ทีพีเอส การ์เด้น เฟอร์นิเจอร์ จำกัด,"เลขที่ 27/24 หมู่ที่ 3 ตำบลคลองสวนพลู อำเภอพระนครศรีอยุธยา จังหวัดพระนครศรีอยุธยา 13000, พระนครศรีอยุธยา","บริษัท ทีพีเอส การ์เด้น เฟอร์นิเจอร์ จำกัด, เลขที่ 27/24 หมู่ที่ 3 ตำบลคลองสวนพลู อำเภอพระนครศรีอยุธยา จังหวัดพระนครศรีอยุธยา 13000, พระนครศรีอยุธยา, ประเทศไทย"
69956a5893bf4055,บริษัท ดูรีเฟล็กซ์ จำกัด,"เลขที่ 39/1, 39/5 หมู่ที่ 13 ถนนเพชรเกษม ตำบลอ้อมน้อย อำเภอกระทุ่มแบน จังหวัดสมุทรสาคร 74130., สมุทรสาคร","บริษัท ดูรีเฟล็กซ์ จำกัด, เลขที่ 39/1, 39/5 หมู่ที่ 13 ถนนเพชรเกษม ตำบลอ้อมน้อย อำเภอกระทุ่มแบน จังหวัดสมุทรสาคร 74130., สมุทรสาคร, ประเทศไทย"
b1d1ed720f31aa44,บริษัท เอส พี เวิร์ควัน จำกัด,"เลขที่ 112 ซอยทุ่งเศรษฐีแยก 28-1, กรุงเทพมหานคร","บริษัท เอส พี เวิร์ควัน จำกัด, เลขที่ 112 ซอยทุ่งเศรษฐีแยก 28-1, กรุงเทพมหานคร, ประเทศไทย"
201e8ae7552a9e81,บริษัท ซอล อาร์ บิท จำกัด,"เลขที่ 838/24 หมู่บ้านบ้านกลางเมือง, กรุงเทพมหานคร","บริษัท ซอล อาร์ บิท จำกัด, เลขที่ 838/24 หมู่บ้านบ้านกลางเมือง, กรุงเทพมหานคร, ประเทศไทย"
68c561e5ed9c12a4,บริษัท ซิกเนเจอร์ มีเดีย จำกัด,"เลขที่ 152/34 ถนน เฉลิมพระเกียรติ ร. 9 หนองบอน เขตประเวศ กรุงเทพมหานคร 10250, กรุงเทพมหานคร","บริษัท ซิกเนเจอร์ มีเดีย จำกัด, เลขที่ 152/34 ถนน เฉลิมพระเกียรติ ร. 9 หนองบอน เขตประเวศ กรุงเทพมหานคร 10250, กรุงเทพมหานคร, ประเทศไทย"
02a0e6fc803ea7fc,บริษัท บาธรูม ดีไซน์ ไอ-สปา จำกัด,"เลขที่ 729/150-152 ถนนรัชดาภิเษก แขวงบางโพงพาง เขตยานนาวา กรุงเทพมหานคร 10120, กรุงเทพมหานคร","บริษัท บาธรูม ดีไซน์ ไอ-สปา จำกัด, เลขที่ 729/150-152 ถนนรัชดาภิเษก แขวงบางโพงพาง เขตยานนาวา กรุงเทพมหานคร 10120, กรุงเทพมหานคร, ประเทศไทย"
299a5d26c39a0ff4,บริษัท บิลดิ้ง สโตร์ จำกัด,"เลขที่ 8 ซอยประชาอุทิศ 76, กรุงเทพมหานคร","บริษัท บิลดิ้ง สโตร์ จำกัด, เลขที่ 8 ซอยประชาอุทิศ 76, กรุงเทพมหานคร, ประเทศไทย"
ef4043e936d56449,บริษัท เบ็ตเตอร์ ซัพพลาย อีควิปเม้นท์ จำกัด,"เลขที่ 93/478 หมู่ที่ 1 ตำบลบางปลากด อำเภอองครักษ์ จ.นครนายก 26120, นครนายก","บริษัท เบ็ตเตอร์ ซัพพลาย อีควิปเม้นท์ จำกัด, เลขที่ 93/478 หมู่ที่ 1 ตำบลบางปลากด อำเภอองครักษ์ จ.นครนายก 26120, นครนายก, ประเทศไทย"
a32365c378d06274,บริษัท สิน 1980 วิศวกรรม จำกัด,"เลขที่ 51/3 หมู่ที่ 9 ตำบล ลาดสวาย อำเภอลำลูกกา ปทุมธานี 12150, ปทุมธานี","บริษัท สิน 1980 วิศวกรรม จำกัด, เลขที่ 51/3 หมู่ที่ 9 ตำบล ลาดสวาย อำเภอลำลูกกา ปทุมธานี 12150, ปทุมธานี, ประเทศไทย"
251a342641f428be,บริษัท ควีน มาร์เบิ้ล แอนด์ แกรนิต จำกัด,"เลขที่ 24 ซอยรามอินทรา 65 แยก 2-2, กรุงเทพมหานคร","บริษัท ควีน มาร์เบิ้ล แอนด์ แกรนิต จำกัด, เลขที่ 24 ซอยรามอินทรา 65 แยก 2-2, กรุงเทพมหานคร, ประเทศไทย"
fdc0b9176757aa20,บริษัท ดิ อินสไปร์ดีไซน์ จำกัด,"เลขที่ 988/166 ม.กรีนิช 46 ถ. รามอินทรา แขวงคันนายาว เขตคันนายาว กรุงเทพมหานคร 10230, กรุงเทพมหานคร","บริษัท ดิ อินสไปร์ดีไซน์ จำกัด, เลขที่ 988/166 ม.กรีนิช 46 ถ. รามอินทรา แขวงคันนายาว เขตคันนายาว กรุงเทพมหานคร 10230, กรุงเทพมหานคร, ประเทศไทย"
b93020ad97bf6200,บริษัท พีพีเอส9 จำกัด,"เลขที่ 99/98 หมู่บ้านชวนชื่นฟลอร่า วิลล์ ตำบล บางคูวัด อำเภอเมืองปทุมธานี ปทุมธานี 12000, ปทุมธานี","บริษัท พีพีเอส9 จำกัด, เลขที่ 99/98 หมู่บ้านชวนชื่นฟลอร่า วิลล์ ตำบล บางคูวัด อำเภอเมืองปทุมธานี ปทุมธานี 12000, ปทุมธานี, ประเทศไทย"
33dd1bf10c4b56c9,บริษัท แอบโซลูท ธิงค์ จำกัด,"เลขที่ 1/49 ซอยวิภาวดีรังสิต 60 แยก, กรุงเทพมหานคร","บริษัท แอบโซลูท ธิงค์ จำกัด, เลขที่ 1/49 ซอยวิภาวดีรังสิต 60 แยก, กรุงเทพมหานคร, ประเทศไทย"
ae662fc4516b5f64,บริษัท เอช บี ซี มาเก็ตติ้ง จำกัด,"เลขที่ 49 หมู่ที่ 9 ตำบลป่าขะ อำเภอบ้านนา จ.นครนายก 26110, นครนายก","บริษัท เอช บี ซี มาเก็ตติ้ง จำกัด, เลขที่ 49 หมู่ที่ 9 ตำบลป่าขะ อำเภอบ้านนา จ.นครนายก 26110, นครนายก, ประเทศไทย"
a19fc5b01fbfd722,บริษัท อาร์ เอ็ม ซี บิลดิ้ง โซลูชั่นส์ จำกัด,"เลขที่ 15/1,15/2 หมู่ที่ 1 ถ. พระรามที่ 2 ตำบล บางน้ำจืด อำเภอเมืองสมุทรสาคร สมุทรสาคร 74000, สมุทรสาคร","บริษัท อาร์ เอ็ม ซี บิลดิ้ง โซลูชั่นส์ จำกัด, เลขที่ 15/1,15/2 หมู่ที่ 1 ถ. พระรามที่ 2 ตำบล บางน้ำจืด อำเภอเมืองสมุทรสาคร สมุทรสาคร 74000, สมุทรสาคร, ประเทศไทย"
89816a287b065d1a,บริษัท บิลดิ้งแมททีเรียลโซลูชันส์ จำกัด,"เลขที่ 332 ถนนเฉลิมพระเกียรติ ร.9 ซอย 34 แขวงหนองบอน เขตประเวศ กรุงเทพมหานคร 10250, กรุงเทพมหานคร","บริษัท บิลดิ้งแมททีเรียลโซลูชันส์ จำกัด, เลขที่ 332 ถนนเฉลิมพระเกียรติ ร.9 ซอย 34 แขวงหนองบอน เขตประเวศ กรุงเทพมหานคร 10250, กรุงเทพมหานคร, ประเทศไทย"
2c8966f6617a8aec,บริษัท ซิสลิงค์ เทคโนโลยี จำกัด,"เลขที่ 124/12-13 ถ. กรุงธนบุรี แขวงบางลำภูล่าง คลองสาน กรุงเทพมหานคร 10600, กรุงเทพมหานคร","บริษัท ซิสลิงค์ เทคโนโลยี จำกัด, เลขที่ 124/12-13 ถ. กรุงธนบุรี แขวงบางลำภูล่าง คลองสาน กรุงเทพมหานคร 10600, กรุงเทพมหานคร, ประเทศไทย"
b731464220cdfb79,บริษัท วิศวภัทร์,"เลขที่ 9 ถนน สุขาภิบาล ๕ ซอย 24 แขวงท่าแร้ง เขตบางเขน กรุงเทพมหานคร 10220, กรุงเทพมหานคร","บริษัท วิศวภัทร์, เลขที่ 9 ถนน สุขาภิบาล ๕ ซอย 24 แขวงท่าแร้ง เขตบางเขน กรุงเทพมหานคร 10220, กรุงเทพมหานคร, ประเทศไทย"
6a53d2fbbb0bd252,บริษัท วอร์มเมอร์ บิวด์ แอนด์ เดคคอเรชั่น จำกัด,"เลขที่ 196 ซอยท่าข้าม 12, กรุงเทพมหานคร","บริษัท วอร์มเมอร์ บิวด์ แอนด์ เดคคอเรชั่น จำกัด, เลขที่ 196 ซอยท่าข้าม 12, กรุงเทพมหานคร, ประเทศไทย"
e01d7f9b4cb0affd,บริษัท​ไซมีส อีโคไลท์,"335/13-14 ถนนศรีนครินทร์, กรุงเทพมหานคร","บริษัท​ไซมีส อีโคไลท์, 335/13-14 ถนนศรีนครินทร์, กรุงเทพมหานคร, ประเทศไทย"
0fd5ce738a41641e,บริษัท สวนบางนา การ์เด้น จำกัด,"เลขที่ 19/1 ซอยเฉลิมพระเกียรติ ร.9 ซ.30 แยก 14-4 แขวงดอกไม้ เขตประเวศ กรุงเทพมหานคร 10250, กรุงเทพมหานคร","บริษัท สวนบางนา การ์เด้น จำกัด, เลขที่ 19/1 ซอยเฉลิมพระเกียรติ ร.9 ซ.30 แยก 14-4 แขวงดอกไม้ เขตประเวศ กรุงเทพมหานคร 10250, กรุงเทพมหานคร, ประเทศไทย"
ca6f68fca251ca55,บริษัท ฮิตาชิ (ประเทศไทย),"เลขที่ 30 ซอยอ่อนนุช 55/1 แขวงประเวศ เขตประเวศ กรุงเทพฯ 10250, กรุงเทพมหานคร","บริษัท ฮิตาชิ (ประเทศไทย), เลขที่ 30 ซอยอ่อนนุช 55/1 แขวงประเวศ เขตประเวศ กรุงเทพฯ 10250, กรุงเทพมหานคร, ประเทศไทย"
155325d35af3723d,บริษัท พีที ซิสเต็ม (ไทยแลนด์) จำกัด,"เลขที่ 14/36 หมู่ที่ 3 ตำบลทวีวัฒนา อำเภอไทรน้อย จังหวัดนนทบุรี 11150., นนทบุรี","บริษัท พีที ซิสเต็ม (ไทยแลนด์) จำกัด, เลขที่ 14/36 หมู่ที่ 3 ตำบลทวีวัฒนา อำเภอไทรน้อย จังหวัดนนทบุรี 11150., นนทบุรี, ประเทศไทย"
6b88cb860e3d4248,บริษัท จีโอ ดีไซน์,"เลขที่ 5 ซอยลาดพร้าว 28 ถนนลาดพร้าว แขวงสามเสนนอก เขตห้วยขวาง กรุงเทพมหานคร 10310, กรุงเทพมหานคร","บริษัท จีโอ ดีไซน์, เลขที่ 5 ซอยลาดพร้าว 28 ถนนลาดพร้าว แขวงสามเสนนอก เขตห้วยขวาง กรุงเทพมหานคร 10310, กรุงเทพมหานคร, ประเทศไทย"
7944a7e4abbd7443,บริษัท เบเยอร์ จำกัด,"เลขที่ 90, 92 ถนนบรรทัดทอง แขวงถนนเพชรบุรี เขตราชเทวี กรุงเทพฯ 10400., กรุงเทพมหานคร","บริษัท เบเยอร์ จำกัด, เลขที่ 90, 92 ถนนบรรทัดทอง แขวงถนนเพชรบุรี เขตราชเทวี กรุงเทพฯ 10400., กรุงเทพมหานคร, ประเทศไทย"
0686b1a4b1a2c653,บริษัท เอ็ม เอ็ม ชี มัช มอร์ จำกัด,"อาคารเอสเจ อินฟินิท วัน บิสซิเนส คอมเพล็กซ์ เลขที่ 349 ชั้น 20 อาคารเอสเจ อินฟินิท วัน บิสซิเนส คอมเพล็กซ์ ห้องเลขที่ 2004/16, ยูนิต 2001–2005 ถนนวิภาวดีรังสิต แขวงจอมพล เขตจตุจักร กรุงเทพมหานคร 10900, กรุงเทพมหานคร","บริษัท เอ็ม เอ็ม ชี มัช มอร์ จำกัด, อาคารเอสเจ อินฟินิท วัน บิสซิเนส คอมเพล็กซ์ เลขที่ 349 ชั้น 20 อาคารเอสเจ อินฟินิท วัน บิสซิเนส คอมเพล็กซ์ ห้องเลขที่ 2004/16, ยูนิต 2001–2005 ถนนวิภาวดีรังสิต แขวงจอมพล เขตจตุจักร กรุงเทพมหานคร 10900, กรุงเทพมหานคร, ประเทศไทย"
94e98d2008e11eaf,บริษัท เบนชิค จำกัด,"เลขที่ 363/14 ลาดพร้าว แขวงจอมพล เขตจตุจักร กรุงเทพมหานคร 10900, กรุงเทพมหานคร","บริษัท เบนชิค จำกัด, เลขที่ 363/14 ลาดพร้าว แขวงจอมพล เขตจตุจักร กรุงเทพมหานคร 10900, กรุงเทพมหานคร, ประเทศไทย"
81a8767f2cf49299,บริษัท เอสเอ็มทีวี โอมอีเล็คทริค,"เลขที่ 1 ซอยรามอินทรา 34 แยก 3, กรุงเทพมหานคร","บริษัท เอสเอ็มทีวี โอมอีเล็คทริค, เลขที่ 1 ซอยรามอินทรา 34 แยก 3, กรุงเทพมหานคร, ประเทศไทย"
6723f9eb61ddfaad,บจก. บีวันเทค,"146/7 หมู่ที่ 10 ตำบลคูคต อำเภอลำลูกกา ปทุมธานี 12130, ปทุมธานี","บจก. บีวันเทค, 146/7 หมู่ที่ 10 ตำบลคูคต อำเภอลำลูกกา ปทุมธานี 12130, ปทุมธานี, ประเทศไทย"
cf463a24d3a24423,บริษัท เวีย สเปซ จำกัด,"88 ซอยลาดพร้าว 50 ถนนลาดพร้าว แขวงวังทองหลาง เขตวังทองหลาง กรุงเทพมหานคร 10310, กรุงเทพมหานคร","บริษัท เวีย สเปซ จำกัด, 88 ซอยลาดพร้าว 50 ถนนลาดพร้าว แขวงวังทองหลาง เขตวังทองหลาง กรุงเทพมหานคร 10310, กรุงเทพมหานคร, ประเทศไทย"
1b7362e1e97f80a6,บจก. ทีเอส สตูดิโอ,"เลขที่ 32/126 ซอย สามัคคี 58/20 ถนน บอนด์สตรีท ตำบลบางพูด อำเภอปากเกร็ด, นนทบุรี","บจก. ทีเอส สตูดิโอ, เลขที่ 32/126 ซอย สามัคคี 58/20 ถนน บอนด์สตรีท ตำบลบางพูด อำเภอปากเกร็ด, นนทบุรี, ประเทศไทย"
78ced29eb30dde6c,บริษัท โฟร์อายส์ ดีไซน์ จำกัด,"เลขที่ 770/58 ซอย 38 ถนนพัฒนาการ แขวงลำปลาทิว เขตลาดกระบัง กรุงเทพมหานคร 10250, กรุงเทพมหานคร","บริษัท โฟร์อายส์ ดีไซน์ จำกัด, เลขที่ 770/58 ซอย 38 ถนนพัฒนาการ แขวงลำปลาทิว เขตลาดกระบัง กรุงเทพมหานคร 10250, กรุงเทพมหานคร, ประเทศไทย"
2fa428f350da786b,บริษัท รอคซ์สเปซ จำกัด,"เลขที่ 26/55 ถนนนางลิ้นจี่ แขวงทุ่งมหาเมฆ เขตสาทร กรุงเทพมหานคร 10120, กรุงเทพมหานคร","บริษัท รอคซ์สเปซ จำกัด, เลขที่ 26/55 ถนนนางลิ้นจี่ แขวงทุ่งมหาเมฆ เขตสาทร กรุงเทพมหานคร 10120, กรุงเทพมหานคร, ประเทศไทย"
8261d291b2ba7d02,บจก Luxelife,"เลขที่ 288/35 ซอยเฉลิมพระเกียรติ ร., กรุงเทพมหานคร","บจก Luxelife, เลขที่ 288/35 ซอยเฉลิมพระเกียรติ ร., กรุงเทพมหานคร, ประเทศไทย"
b0ef7b1e5e4dcf49,บริษัท ลัมเบอะแมน กรุ๊ฟ จำกัด,"100/608 หมู่ที่ 6 แขวงลำปลาทิว, กรุงเทพมหานคร","บริษัท ลัมเบอะแมน กรุ๊ฟ จำกัด, 100/608 หมู่ที่ 6 แขวงลำปลาทิว, กรุงเทพมหานคร, ประเทศไทย"
935c18fffe84ccc5,บริษัท ไอเวอไลท์ จำกัด,"1412 คริสตัล ดีไซน์ เซ็นเตอร์ อาคารบี ห้องเลขที่ 111-112 ซอยลาดพร้าว 87 ถนนประดิษฐ์มนูธรรม แขวงคลองจั่น เขตบางกะปิ กรุงเทพมหานคร 10240, กรุงเทพมหานคร","บริษัท ไอเวอไลท์ จำกัด, 1412 คริสตัล ดีไซน์ เซ็นเตอร์ อาคารบี ห้องเลขที่ 111-112 ซอยลาดพร้าว 87 ถนนประดิษฐ์มนูธรรม แขวงคลองจั่น เขตบางกะปิ กรุงเทพมหานคร 10240, กรุงเทพมหานคร, ประเทศไทย"
9acb626d6b738610,บริษัท ไลท์ติ้ง แอนด์ อีควิปเมนท์ จำกัด (มหาชน),"อาคารมหานครยิปซั่ม 539/2 ชั้น 16-17 แขวงถนนพญาไท เขตราชเทวี กรุงเทพมหานคร 10400, กรุงเทพมหานคร","บริษัท ไลท์ติ้ง แอนด์ อีควิปเมนท์ จำกัด (มหาชน), อาคารมหานครยิปซั่ม 539/2 ชั้น 16-17 แขวงถนนพญาไท เขตราชเทวี กรุงเทพมหานคร 10400, กรุงเทพมหานคร, ประเทศไทย"
f2c19542d3a8bcd3,บริษัท สงวนพงษ์วัสดุก่อสร้าง จำกัด,"เลขที่ 292, 292-1 ถนนเฉลิมพระเกียรติ ร.9 แขวงหนองบอน เขตประเวศ กรุงเทพมหานคร 10250, กรุงเทพมหานคร","บริษัท สงวนพงษ์วัสดุก่อสร้าง จำกัด, เลขที่ 292, 292-1 ถนนเฉลิมพระเกียรติ ร.9 แขวงหนองบอน เขตประเวศ กรุงเทพมหานคร 10250, กรุงเทพมหานคร, ประเทศไทย"
85e8d4d01e45dcfb,บริษัท บุญถาวร อินเตอร์เนชั่นแนล จำกัด,"เลขที่ 61 ซอยรุ่งเรือง ถนนสุทธิสารวินิจฉัย แขวงสามเสนนอก เขตห้วยขวาง กรุงเทพมหานคร 10310, กรุงเทพมหานคร","บริษัท บุญถาวร อินเตอร์เนชั่นแนล จำกัด, เลขที่ 61 ซอยรุ่งเรือง ถนนสุทธิสารวินิจฉัย แขวงสามเสนนอก เขตห้วยขวาง กรุงเทพมหานคร 10310, กรุงเทพมหานคร, ประเทศไทย"
b3d58c4b943d19ee,บริษัท เฟอร์บางกอก จำกัด,"เลขที่ 59 ซอยพัมนาการ61 ถนนพัฒนาการ แขวงประเวศ เขตประเวศ กรุงเทพฯ 10250 แขวงประเวศ เขตประเวศ จังหวัดกรุงเทพมหานคร 10250, กรุงเทพมหานคร","บริษัท เฟอร์บางกอก จำกัด, เลขที่ 59 ซอยพัมนาการ61 ถนนพัฒนาการ แขวงประเวศ เขตประเวศ กรุงเทพฯ 10250 แขวงประเวศ เขตประเวศ จังหวัดกรุงเทพมหานคร 10250, กรุงเทพมหานคร, ประเทศไทย"
e2caf20b1801fe6c,บริษัท ฟูลเฟอร์ จำกัด,"เลขที่ 12 12, หมู่บ้าน 5 กระรัตวิลล่า, ซอย รามคำแหง 68 แยก 1-7, หัวหมาก, บางกะปิ, กรุงเทพมหานคร 10240, กรุงเทพมหานคร","บริษัท ฟูลเฟอร์ จำกัด, เลขที่ 12 12, หมู่บ้าน 5 กระรัตวิลล่า, ซอย รามคำแหง 68 แยก 1-7, หัวหมาก, บางกะปิ, กรุงเทพมหานคร 10240, กรุงเทพมหานคร, ประเทศไทย"
89b02b6f5d24f6c1,บริษัท สุวรรณภูมิ คอนกรีต จำกัด,"เลขที่ 39/64 หมู่บ้านฟอเรสโฮม หมู่ที่ 2. ตำบลลำผักกูด อำเภอธัญบุรี จังหวัดปทุมธานี 12150, ปทุมธานี","บริษัท สุวรรณภูมิ คอนกรีต จำกัด, เลขที่ 39/64 หมู่บ้านฟอเรสโฮม หมู่ที่ 2. ตำบลลำผักกูด อำเภอธัญบุรี จังหวัดปทุมธานี 12150, ปทุมธานี, ประเทศไทย"
a5342eb5c0303ec9,บริษัท เอส.เคน พูล แอนด์ คอนสตรัคชั่น 2556 จำกัด,"เลขที่ 558 ถนน ขุมทอง-ลำต้อยติ่ง Khum Thong, Lat Krabang, Bangkok 10520, Thailand, เขตลาดกระบัง, กรุงเทพมหานคร., กรุงเทพมหานคร","บริษัท เอส.เคน พูล แอนด์ คอนสตรัคชั่น 2556 จำกัด, เลขที่ 558 ถนน ขุมทอง-ลำต้อยติ่ง Khum Thong, Lat Krabang, Bangkok 10520, Thailand, เขตลาดกระบัง, กรุงเทพมหานคร., กรุงเทพมหานคร, ประเทศไทย"
d352126b4ca48530,บริษัท แอลเอส บิวด์เดอรส์ จำกัด,"เลขที่ 11 ซอย อ่อนนุช 52 แขวงสวนหลวง เขตสวนหลวง กรุงเทพมหานคร 10250, กรุงเทพมหานคร","บริษัท แอลเอส บิวด์เดอรส์ จำกัด, เลขที่ 11 ซอย อ่อนนุช 52 แขวงสวนหลวง เขตสวนหลวง กรุงเทพมหานคร 10250, กรุงเทพมหานคร, ประเทศไทย"
ba29683cf87aa62c,ห้างหุ้นส่วนจำกัด สิน ทนันชัย วิศวกรรม จำกัด,"เลขที่ 56/190 หมู่ที่ 9 ตำบลลาดสวาย อำเภอลำลูกกา จังหวัดปทุมธานี 12150, ปทุมธานี","ห้างหุ้นส่วนจำกัด สิน ทนันชัย วิศวกรรม จำกัด, เลขที่ 56/190 หมู่ที่ 9 ตำบลลาดสวาย อำเภอลำลูกกา จังหวัดปทุมธานี 12150, ปทุมธานี, ประเทศไทย"
c9112fbd844e50d0,บริษัท ญาณิศา เอ็นจิเนียริ่ง แอนด์ ดีไซน์ กรุ๊ฟ จำกัด,"เลขที่ 2/29 หมู่ที่ 6 ชุมชนสุนทรจัดสรร ตำบล คลองสี่ อำเภอคลองหลวง ปทุมธานี 12120, ปทุมธานี","บริษัท ญาณิศา เอ็นจิเนียริ่ง แอนด์ ดีไซน์ กรุ๊ฟ จำกัด, เลขที่ 2/29 หมู่ที่ 6 ชุมชนสุนทรจัดสรร ตำบล คลองสี่ อำเภอคลองหลวง ปทุมธานี 12120, ปทุมธานี, ประเทศไทย"
0f3416a1816f27ab,บริษัท วรชาติวัสดุก่อสร้าง จำกัด,"เลขที่ 26/497 หมู่ 6, กรุงเทพมหานคร","บริษัท วรชาติวัสดุก่อสร้าง จำกัด, เลขที่ 26/497 หมู่ 6, กรุงเทพมหานคร, ประเทศไทย"
ea5213140e0a729c,บริษัท ไลฟ์พอยท์ อินทีเรียดีไซน์ จำกัด,"เลขที่ 649 ซอยสุขุมวิท 22 ถนนสุขุมวิท แขวงคลองตัน เขตคลองเตย กรุงเทพมหานคร 10110, กรุงเทพมหานคร","บริษัท ไลฟ์พอยท์ อินทีเรียดีไซน์ จำกัด, เลขที่ 649 ซอยสุขุมวิท 22 ถนนสุขุมวิท แขวงคลองตัน เขตคลองเตย กรุงเทพมหานคร 10110, กรุงเทพมหานคร, ประเทศไทย"
cf41f73541b8cd6a,บริษัท ดีคอนโปรดักส์ จำกัด (มหาชน),"เลขที่ 3300/57 ตึกช้าง อาคาร B ชั้น 8 สี่แยกรัชโยธิน ถนนพหลโยธิน แขวงจอมพล เขตจตุจักร กทม. 10900., กรุงเทพมหานคร","บริษัท ดีคอนโปรดักส์ จำกัด (มหาชน), เลขที่ 3300/57 ตึกช้าง อาคาร B ชั้น 8 สี่แยกรัชโยธิน ถนนพหลโยธิน แขวงจอมพล เขตจตุจักร กทม. 10900., กรุงเทพมหานคร, ประเทศไทย"
3a89f0b1f252661b,บริษัท ยูโร ครีเอชั่นส์ จำกัด (มหาชน),"เลขที่ 11050 Sukhumvit 66/1 Alley, แขวงพระโขนงใต้ เขตพระโขนง กรุงเทพมหานคร 10260, กรุงเทพมหานคร","บริษัท ยูโร ครีเอชั่นส์ จำกัด (มหาชน), เลขที่ 11050 Sukhumvit 66/1 Alley, แขวงพระโขนงใต้ เขตพระโขนง กรุงเทพมหานคร 10260, กรุงเทพมหานคร, ประเทศไทย"
fd53d6e94a0c4667,บริษัท ไวด์เฮ้าส์ ดีไซน์ แอนด์ บิลด์ จำกัด,"111/1 อาคารB ห้อง 304-305 ชั้น 3 ถนนประดิษฐ์มนูธรรม, กรุงเทพมหานคร","บริษัท ไวด์เฮ้าส์ ดีไซน์ แอนด์ บิลด์ จำกัด, 111/1 อาคารB ห้อง 304-305 ชั้น 3 ถนนประดิษฐ์มนูธรรม, กรุงเทพมหานคร, ประเทศไทย"
4f0ed65b5224f00c,บริษัท โฟร์ซัมมิท จำกัด,"เลขที่ 424 ถนนเทพรักษ์ แขวงท่าแร้ง เขตบางเขน กรุงเทพมหานคร 10220, กรุงเทพมหานคร","บริษัท โฟร์ซัมมิท จำกัด, เลขที่ 424 ถนนเทพรักษ์ แขวงท่าแร้ง เขตบางเขน กรุงเทพมหานคร 10220, กรุงเทพมหานคร, ประเทศไทย"
b3b79e9f412d8274,ธนาคารกรุงศรี (BAY),"1222 ถ. พระรามที่ 3 แขวงบางโพงพาง เขตยานนาวา กรุงเทพมหานคร 10120, กรุงเทพมหานคร","ธนาคารกรุงศรี (BAY), 1222 ถ. พระรามที่ 3 แขวงบางโพงพาง เขตยานนาวา กรุงเทพมหานคร 10120, กรุงเทพมหานคร, ประเทศไทย"
bd2c17db3b18e4c6,ธนาคารเกียรตินาคิน (KKBank),"เลขที่ 209 อาคารเคเคพี ทาวเวอร์ ถนนสุขุมวิท 21 (อโศก) แขวงคลองเตยเหนือ เขตวัฒนา กรุงเทพมหานคร10110, กรุงเทพมหานคร","ธนาคารเกียรตินาคิน (KKBank), เลขที่ 209 อาคารเคเคพี ทาวเวอร์ ถนนสุขุมวิท 21 (อโศก) แขวงคลองเตยเหนือ เขตวัฒนา กรุงเทพมหานคร10110, กรุงเทพมหานคร, ประเทศไทย"
4140d2192e0bb8bb,ธนาคารแลนด์ แอนด์ เฮ้าส์ จำกัด (มหาชน) (LH Bank),"เลขที่ 1 อาคารคิวเฮ้าส์ ลุมพินี ชั้น จี, 1, 5, 6, 10, 20, 26, 27, 31 และ 32 ถนนสาทรใต้ แขวงทุ่งมหาเมฆ เขตสาทร กรุงเทพฯ 10120, กรุงเทพมหานคร","ธนาคารแลนด์ แอนด์ เฮ้าส์ จำกัด (มหาชน) (LH Bank), เลขที่ 1 อาคารคิวเฮ้าส์ ลุมพินี ชั้น จี, 1, 5, 6, 10, 20, 26, 27, 31 และ 32 ถนนสาทรใต้ แขวงทุ่งมหาเมฆ เขตสาทร กรุงเทพฯ 10120, กรุงเทพมหานคร, ประเทศไทย"
ec5ef87629d3d686,ธนาคารเพื่อการเกษตรและสหกรณ์,"เลขที่ 2346 ถนนพหลโยธิน แขวงเสนานิคม เขตจตุจักร กรุงเทพฯ 10900, กรุงเทพมหานคร","ธนาคารเพื่อการเกษตรและสหกรณ์, เลขที่ 2346 ถนนพหลโยธิน แขวงเสนานิคม เขตจตุจักร กรุงเทพฯ 10900, กรุงเทพมหานคร, ประเทศไทย"
9c8cbf8eb442df35,ธนาคาร กรุงไทย,"อาคาร ซ. สุขุมวิท 10 แขวงคลองเตย เขตคลองเตย กรุงเทพมหานคร 10110, กรุงเทพมหานคร","ธนาคาร กรุงไทย, อาคาร ซ. สุขุมวิท 10 แขวงคลองเตย เขตคลองเตย กรุงเทพมหานคร 10110, กรุงเทพมหานคร, ประเทศไทย"
691eceddb7e03292,ธนาคาร ไทยพาณิขย์ (SCB),"ธนาคารไทยพาณิชย์ จำกัด (มหาชน) สำนักงานใหญ่ 9 ถ.รัชดาภิเษก เขตจตุจักร กรุงเทพฯ 10900, กรุงเทพมหานคร","ธนาคาร ไทยพาณิขย์ (SCB), ธนาคารไทยพาณิชย์ จำกัด (มหาชน) สำนักงานใหญ่ 9 ถ.รัชดาภิเษก เขตจตุจักร กรุงเทพฯ 10900, กรุงเทพมหานคร, ประเทศไทย"
41f2cef3b6b6de9b,บริษัท รังสิต พลาซ่า จำกัด,"เลขที่ 94 ศูนย์การค้าฟิวเจอร์พาร์ครังสิต ถนนพหลโยธิน ตำบลประชาธิปัตย์ อำเภอธัญบุรี จังหวัดปทุมธานี 12130, ปทุมธานี","บริษัท รังสิต พลาซ่า จำกัด, เลขที่ 94 ศูนย์การค้าฟิวเจอร์พาร์ครังสิต ถนนพหลโยธิน ตำบลประชาธิปัตย์ อำเภอธัญบุรี จังหวัดปทุมธานี 12130, ปทุมธานี, ประเทศไทย"
fbbb962ae6c28c1d,บริษัท เดอะ ฟู้ด ซีเล็คชั่น กรุ๊ป จำกัด,"โครงการรังสิตพรอสเพอร์ เอสเตจ เลขที่ 9/51 ม.5 นิคมอุตสาหกรรมรังสิตพรอสเพอร์ เอสเตท ตำบลคลองหนึ่ง อำเภอคลองหลวง จังหวัดปทุมธานี 12120, ปทุมธานี","บริษัท เดอะ ฟู้ด ซีเล็คชั่น กรุ๊ป จำกัด, โครงการรังสิตพรอสเพอร์ เอสเตจ เลขที่ 9/51 ม.5 นิคมอุตสาหกรรมรังสิตพรอสเพอร์ เอสเตท ตำบลคลองหนึ่ง อำเภอคลองหลวง จังหวัดปทุมธานี 12120, ปทุมธานี, ประเทศไทย"
9ed4f1cb74840d9f,บริษัท โควิก เคทท์ อินเตอร์เนชั่นแนล (ประเทศไทย) จำกัด,"สำนักงานรังสิต (คลองหลวง) เลขที่ 9/18-20 หมู่ 5 โครงการรังสิตพอสเพอร์ ถนนพหลโยธิน รังสิต พอสเพอร์ เอสเตท ตำบลคลองหนึ่ง อำเภอคลองหลวง จังหวัดปทุมธานี 12120, ปทุมธานี","บริษัท โควิก เคทท์ อินเตอร์เนชั่นแนล (ประเทศไทย) จำกัด, สำนักงานรังสิต (คลองหลวง) เลขที่ 9/18-20 หมู่ 5 โครงการรังสิตพอสเพอร์ ถนนพหลโยธิน รังสิต พอสเพอร์ เอสเตท ตำบลคลองหนึ่ง อำเภอคลองหลวง จังหวัดปทุมธานี 12120, ปทุมธานี, ประเทศไทย"
79ed324104e926dd,บริษัท สังคมสุขภาพ จำกัด,"104/34 หมู่ 1 ถ.แจ้งวัฒนะ · แขวงทุ่งสองห้อง เขตหลักสี่ กรุงเทพมหานคร 10210, กรุงเทพมหานคร","บริษัท สังคมสุขภาพ จำกัด, 104/34 หมู่ 1 ถ.แจ้งวัฒนะ · แขวงทุ่งสองห้อง เขตหลักสี่ กรุงเทพมหานคร 10210, กรุงเทพมหานคร, ประเทศไทย"
f4f59c919fc6b917,บริษัท เอฟ.ที.บิวตี้ แอนด์ เวลเนส จำกัด,"อาคารบางนาคอมเพล็กซ์ออฟฟิศทาวเวอร์ เลขที่ 2/39 ชั้น 9. แขวงบางนาเหนือ เขตบางนา กรุงเทพมหานคร 10260., กรุงเทพมหานคร","บริษัท เอฟ.ที.บิวตี้ แอนด์ เวลเนส จำกัด, อาคารบางนาคอมเพล็กซ์ออฟฟิศทาวเวอร์ เลขที่ 2/39 ชั้น 9. แขวงบางนาเหนือ เขตบางนา กรุงเทพมหานคร 10260., กรุงเทพมหานคร, ประเทศไทย"
93ad3dcbee9d0508,บริษัท เฮเฟเล่ (ประเทศไทย) จำกัด,"57 ซ.สุขุมวิท64 ถ.สุขุมวิท แขวงพระโขนงใต้ เขตพระโขนง กรุงเทพฯ 10260, กรุงเทพมหานคร","บริษัท เฮเฟเล่ (ประเทศไทย) จำกัด, 57 ซ.สุขุมวิท64 ถ.สุขุมวิท แขวงพระโขนงใต้ เขตพระโขนง กรุงเทพฯ 10260, กรุงเทพมหานคร, ประเทศไทย"
9c9c0ab61cd27a19,บริษัท ปตท.สำรวจและผลิตปิโตรเลียม จำกัด (มหาชน),"555/1 ศูนย์เอนเนอร์ยี่คอมเพล็กซ์ อาคาร A ชั้น 19-36 ถนนวิภาวดีรังสิต แขวงจตุจักร เขตจตุจักร กรุงเทพมหานคร 10900, กรุงเทพมหานคร","บริษัท ปตท.สำรวจและผลิตปิโตรเลียม จำกัด (มหาชน), 555/1 ศูนย์เอนเนอร์ยี่คอมเพล็กซ์ อาคาร A ชั้น 19-36 ถนนวิภาวดีรังสิต แขวงจตุจักร เขตจตุจักร กรุงเทพมหานคร 10900, กรุงเทพมหานคร, ประเทศไทย"
35b0ff2f5acb0801,บริษัท GWM Thailand (เกรท วอลล์ มอเตอร์ (ประเทศไทย),"The 9th Tower พระราม 9, B Tower, ชั้นที่ 31, TNB 01-03 33/4 ถ. พระราม 9 แขวงห้วยขวาง เขตห้วยขวาง กรุงเทพมหานคร 10310, กรุงเทพมหานคร","บริษัท GWM Thailand (เกรท วอลล์ มอเตอร์ (ประเทศไทย), The 9th Tower พระราม 9, B Tower, ชั้นที่ 31, TNB 01-03 33/4 ถ. พระราม 9 แขวงห้วยขวาง เขตห้วยขวาง กรุงเทพมหานคร 10310, กรุงเทพมหานคร, ประเทศไทย"
1fbba47ebb1c8d58,บริษัท บีวายดี ออโต้ (ประเทศไทย) จำกัด,"เลขที่ 865 อาคารโรงแรมสยาม แอท สยาม ชั้น 9 ถนนพระราม 1 แขวงวังใหม่ เขตปทุมวัน กรุงเทพฯ 10330, กรุงเทพมหานคร","บริษัท บีวายดี ออโต้ (ประเทศไทย) จำกัด, เลขที่ 865 อาคารโรงแรมสยาม แอท สยาม ชั้น 9 ถนนพระราม 1 แขวงวังใหม่ เขตปทุมวัน กรุงเทพฯ 10330, กรุงเทพมหานคร, ประเทศไทย"
76cb33165052b35b,,"27/1 หมู่ 2 WHA Rayong 36 Industrial Estate ตำบลพนานิคม อำเภอนิคมพัฒนา จังหวัดระยอง 21180, ระยอง","27/1 หมู่ 2 WHA Rayong 36 Industrial Estate ตำบลพนานิคม อำเภอนิคมพัฒนา จังหวัดระยอง 21180, ระยอง, ประเทศไทย"
e8092f4907023e94,บริษัท ควอลิตี้ เฟล็คแพ็ค จำกัด,"64/5-64/8 หมู่ที่ 3 นิคมอุตสาหกรรมรังสิตฟอร์จูน เอสเตท ตำบลคลองหนึ่ง อำเภอคลองหลวง จังหวัดปทุมธานี 12120, ปทุมธานี","บริษัท ควอลิตี้ เฟล็คแพ็ค จำกัด, 64/5-64/8 หมู่ที่ 3 นิคมอุตสาหกรรมรังสิตฟอร์จูน เอสเตท ตำบลคลองหนึ่ง อำเภอคลองหลวง จังหวัดปทุมธานี 12120, ปทุมธานี, ประเทศไทย"
7239c4579f1d750a,บริษัท ซีวาย ฮาร์ด โครม (ไทยแลนด์) จำกัด,"9/159 หมู่ 5 ถนนพหลโยธิน ตำบลคลองหนึ่ง อำเภอคลองหลวง จังหวัดปทุมธานี 12120, ปทุมธานี","บริษัท ซีวาย ฮาร์ด โครม (ไทยแลนด์) จำกัด, 9/159 หมู่ 5 ถนนพหลโยธิน ตำบลคลองหนึ่ง อำเภอคลองหลวง จังหวัดปทุมธานี 12120, ปทุมธานี, ประเทศไทย"
d183432ba5c1cf05,บริษัท เอเอฟเอฟ เอ็นจีเนียริ่ง จำกัด,"252/160 ซอยเสนานิคม 1 แยก 12 อาคาร SAILOM SUITE ชั้น 2 ถนนพหลโยธิน แขวงจันทรเกษม เขตจตุจักร จังหวัดกรุงเทพมหานคร 10900 ประเทศไทย, กรุงเทพมหานคร","บริษัท เอเอฟเอฟ เอ็นจีเนียริ่ง จำกัด, 252/160 ซอยเสนานิคม 1 แยก 12 อาคาร SAILOM SUITE ชั้น 2 ถนนพหลโยธิน แขวงจันทรเกษม เขตจตุจักร จังหวัดกรุงเทพมหานคร 10900 ประเทศไทย, กรุงเทพมหานคร, ประเทศไทย"
1936273a3873e3c2,บริษัท เซนโช (ไทยแลนด์) จำกัด,"เลขที่ 54 อาคารบีบี บิลดิ้ง ชั้น17 ห้องเลขที่ 1713-14 ถนนสุขุมวิท 21 (อโศก) แขวงคลองเตยเหนือ เขตวัฒนา กรุงเทพมหานคร 10110, กรุงเทพมหานคร","บริษัท เซนโช (ไทยแลนด์) จำกัด, เลขที่ 54 อาคารบีบี บิลดิ้ง ชั้น17 ห้องเลขที่ 1713-14 ถนนสุขุมวิท 21 (อโศก) แขวงคลองเตยเหนือ เขตวัฒนา กรุงเทพมหานคร 10110, กรุงเทพมหานคร, ประเทศไทย"
8d3bb732581d373f,บริษัท จีวายเอ็ม (ไทยแลนด์) จำกัด,"9/105 หมู่ 5 (เขตรังสิตพอร์ทเพอร์ ข้างมหาวิทยาลัยกรุงเทพฯ รังสิต ) รังสิต พรอสเพอร์ เอสเตท ตำบลคลองหนึ่ง อำเภอคลองหลวง จังหวัดปทุมธานี 12120, ปทุมธานี","บริษัท จีวายเอ็ม (ไทยแลนด์) จำกัด, 9/105 หมู่ 5 (เขตรังสิตพอร์ทเพอร์ ข้างมหาวิทยาลัยกรุงเทพฯ รังสิต ) รังสิต พรอสเพอร์ เอสเตท ตำบลคลองหนึ่ง อำเภอคลองหลวง จังหวัดปทุมธานี 12120, ปทุมธานี, ประเทศไทย"
21c4dfcc7f931496,บริษัท ซีลด์แอร์ แพ็คเกจจิ้ง (ประเทศไทย) จำกัด,"หมู่ที่ 5 รังสิต พรอสเพอร์เอสเตท ตำบลคลองหนึ่ง อำเภอคลองหลวง จังหวัดปทุมธานี 12120, ปทุมธานี","บริษัท ซีลด์แอร์ แพ็คเกจจิ้ง (ประเทศไทย) จำกัด, หมู่ที่ 5 รังสิต พรอสเพอร์เอสเตท ตำบลคลองหนึ่ง อำเภอคลองหลวง จังหวัดปทุมธานี 12120, ปทุมธานี, ประเทศไทย"
e4e6b19f442db8f9,บริษัท ไพรแมกซ์ เจเนอรัล จำกัด,"9/9 หมู่ที่5 โครงการรังสิตพรอสเพอร์ เอสเตท โครงการรังสิตพรอสเพอร์ เอสเตท(สำนักงานใหญ่), โครงการไทยพลอิสระ(สาขานวนคร) ตำบลคลองหนึ่ง อำเภอคลองหลวง จังหวัดปทุมธานี 12120, ปทุมธานี","บริษัท ไพรแมกซ์ เจเนอรัล จำกัด, 9/9 หมู่ที่5 โครงการรังสิตพรอสเพอร์ เอสเตท โครงการรังสิตพรอสเพอร์ เอสเตท(สำนักงานใหญ่), โครงการไทยพลอิสระ(สาขานวนคร) ตำบลคลองหนึ่ง อำเภอคลองหลวง จังหวัดปทุมธานี 12120, ปทุมธานี, ประเทศไทย"
77188d23ba77ca95,"บริษัท นารุกาว่า ฟู้ดส์ (ไทยแลนด์) จำกัด NARUKAWA FOODS (THAILAND) CO., LTD.","9/16 หมู่ที่ 5 ถนนพหลโยธิน ตำบลคลองหนึ่ง อำเภอคลองหลวง จังหวัดปทุมธานี 10120, ปทุมธานี","บริษัท นารุกาว่า ฟู้ดส์ (ไทยแลนด์) จำกัด NARUKAWA FOODS (THAILAND) CO., LTD., 9/16 หมู่ที่ 5 ถนนพหลโยธิน ตำบลคลองหนึ่ง อำเภอคลองหลวง จังหวัดปทุมธานี 10120, ปทุมธานี, ประเทศไทย"
37ef229da090e7ae,บริษัท เมอิจิ ซันเกียว (ประเทศไทย) จำกัด,"9/22 หมู่ 5 โครงการรังสิต พรอสเพอร์ เอสเตท ถนนพหลโยธิน ตำบลคลองหนึ่ง อำเภอคลองหลวง จังหวัดปทุมธานี 12120, ปทุมธานี","บริษัท เมอิจิ ซันเกียว (ประเทศไทย) จำกัด, 9/22 หมู่ 5 โครงการรังสิต พรอสเพอร์ เอสเตท ถนนพหลโยธิน ตำบลคลองหนึ่ง อำเภอคลองหลวง จังหวัดปทุมธานี 12120, ปทุมธานี, ประเทศไทย"
d7eeae083d253cd2,บริษัท อาร์เค (ประเทศไทย) จำกัด,"9/23 , 9/133 หมู่5 ถนนพหลโยธิน รังสิต พรอสเพอร์ เอสเตท ตำบลคลองหนึ่ง อำเภอคลองหลวง จังหวัดปทุมธานี 12120, ปทุมธานี","บริษัท อาร์เค (ประเทศไทย) จำกัด, 9/23 , 9/133 หมู่5 ถนนพหลโยธิน รังสิต พรอสเพอร์ เอสเตท ตำบลคลองหนึ่ง อำเภอคลองหลวง จังหวัดปทุมธานี 12120, ปทุมธานี, ประเทศไทย"
0663cab72c3f34f5,ม,"9/216-217 หมู่ที่ 5 ตำบลคลองหนึ่ง อำเภอคลองหลวง จังหวัดปทุมธานี 12120, ปทุมธานี","ม, 9/216-217 หมู่ที่ 5 ตำบลคลองหนึ่ง อำเภอคลองหลวง จังหวัดปทุมธานี 12120, ปทุมธานี, ประเทศไทย"
50fc75207120e274,บริษัท ฮากโก้ (ไทยแลนด์) จำกัด,"9/41 หมูู่5 ถ.พหลโยธิน ตำบลคลองหนึ่ง อำเภอคลองหลวง จังหวัดปทุมธานี 12120, ปทุมธานี","บริษัท ฮากโก้ (ไทยแลนด์) จำกัด, 9/41 หมูู่5 ถ.พหลโยธิน ตำบลคลองหนึ่ง อำเภอคลองหลวง จังหวัดปทุมธานี 12120, ปทุมธานี, ประเทศไทย"
822d925f8cfb7455,บริษัท เพรสซิเดียม อินสตรูเม้นท์ส (ประเทศไทย) จำกัด,"9/48 Moo5 ตำบลคลองหนึ่ง อำเภอคลองหลวง จังหวัดปทุมธานี 12120, ปทุมธานี","บริษัท เพรสซิเดียม อินสตรูเม้นท์ส (ประเทศไทย) จำกัด, 9/48 Moo5 ตำบลคลองหนึ่ง อำเภอคลองหลวง จังหวัดปทุมธานี 12120, ปทุมธานี, ประเทศไทย"
7fad6030241ecf80,บริษัท เอฟเคเค (ประเทศไทย) จำกัด,"รังสิตแฟคทอรี่แอนด์แวร์เฮ้าส์ (ตึก G4) เลขที่ 19/51 ม.10 ตำบลคลองหนึ่ง อำเภอคลองหลวง จังหวัดปทุมธานี 12120, ปทุมธานี","บริษัท เอฟเคเค (ประเทศไทย) จำกัด, รังสิตแฟคทอรี่แอนด์แวร์เฮ้าส์ (ตึก G4) เลขที่ 19/51 ม.10 ตำบลคลองหนึ่ง อำเภอคลองหลวง จังหวัดปทุมธานี 12120, ปทุมธานี, ประเทศไทย"
47fa06509238cbf9,บริษัท ยู เอ แมททีเรียล จำกัด,"9/237 หมู่ที่ 5 ถนนพหลโยธิน ตำบลคลองหนึ่ง อำเภอคลองหลวง จังหวัดปทุมธานี 12120, ปทุมธานี","บริษัท ยู เอ แมททีเรียล จำกัด, 9/237 หมู่ที่ 5 ถนนพหลโยธิน ตำบลคลองหนึ่ง อำเภอคลองหลวง จังหวัดปทุมธานี 12120, ปทุมธานี, ประเทศไทย"
b55dc6902d77d86e,บริษัท นิกซ์มา เทคโนโลยี จำกัด,"9/79 ม.5 ถนนพหลโยธิน นิคมรังสิตพรอสเพอร์ ตำบลคลองหนึ่ง อำเภอคลองหลวง จังหวัดปทุมธานี 12120, ปทุมธานี","บริษัท นิกซ์มา เทคโนโลยี จำกัด, 9/79 ม.5 ถนนพหลโยธิน นิคมรังสิตพรอสเพอร์ ตำบลคลองหนึ่ง อำเภอคลองหลวง จังหวัดปทุมธานี 12120, ปทุมธานี, ประเทศไทย"
12abf38dbd850df7,บริษัท กรีน โมลด์ จำกัด,"9/218 หมู่ที่ 5 ตำบลคลองหนึ่ง อำเภอคลองหลวง จังหวัดปทุมธานี 12120, ปทุมธานี","บริษัท กรีน โมลด์ จำกัด, 9/218 หมู่ที่ 5 ตำบลคลองหนึ่ง อำเภอคลองหลวง จังหวัดปทุมธานี 12120, ปทุมธานี, ประเทศไทย"
afaf38bc0860fc42,บริษัท อเมซอน ปาปิรุส เคมิคอลส์ (ประเทศไทย) จำกัด,"9/231-262 หมู่ที่5 ถนนพหลโยธิน ตำบลคลองหนึ่ง อำเภอคลองหลวง จังหวัดปทุมธานี 12120 ประเทศไทย, ปทุมธานี","บริษัท อเมซอน ปาปิรุส เคมิคอลส์ (ประเทศไทย) จำกัด, 9/231-262 หมู่ที่5 ถนนพหลโยธิน ตำบลคลองหนึ่ง อำเภอคลองหลวง จังหวัดปทุมธานี 12120 ประเทศไทย, ปทุมธานี, ประเทศไทย"
0047b51b4945ff64,สำนักงานคณะกรรมการนโยบายเขตพัฒนาพิเศษภาคตะวันออก (สกพอ.),"ชั้น 25 อาคารโทรคมนาคม บางรัก เลขที่ 72 ซอยวัดม่วงแค ถนนเจริญกรุง แขวงบางรัก เขตบางรัก กรุงเทพมหานคร 10500, กรุงเทพมหานคร","สำนักงานคณะกรรมการนโยบายเขตพัฒนาพิเศษภาคตะวันออก (สกพอ.), ชั้น 25 อาคารโทรคมนาคม บางรัก เลขที่ 72 ซอยวัดม่วงแค ถนนเจริญกรุง แขวงบางรัก เขตบางรัก กรุงเทพมหานคร 10500, กรุงเทพมหานคร, ประเทศไทย"
2990a812d4d5038f,บริษัท ซีคอน ดีเวลลอปเมนท์ จำกัด (มหาชน),"55 ถ. ศรีนครินทร์ Nongbon Prawet จังหวัด กรุงเทพมหานคร 10250, กรุงเทพมหานคร","บริษัท ซีคอน ดีเวลลอปเมนท์ จำกัด (มหาชน), 55 ถ. ศรีนครินทร์ Nongbon Prawet จังหวัด กรุงเทพมหานคร 10250, กรุงเทพมหานคร, ประเทศไทย"
375600bc8402107d,โรงพยาบาลกรุงเทพ สนามจันทร์,"1194 ถ.เพชรเกษม ตำบลสนามจันทร์ อำเภอเมืองนครปฐม นครปฐม 73000, นครปฐม","โรงพยาบาลกรุงเทพ สนามจันทร์, 1194 ถ.เพชรเกษม ตำบลสนามจันทร์ อำเภอเมืองนครปฐม นครปฐม 73000, นครปฐม, ประเทศไทย"
87a87280d6fa3b00,องค์การพิพิธภัณฑ์วิทยาศาสตร์แห่งชาติ,"39 หมู่ที่ 3 ถนน เลียบคลองห้า ตำบล คลองห้า อำเภอคลองหลวง ปทุมธานี 12120, ปทุมธานี","องค์การพิพิธภัณฑ์วิทยาศาสตร์แห่งชาติ, 39 หมู่ที่ 3 ถนน เลียบคลองห้า ตำบล คลองห้า อำเภอคลองหลวง ปทุมธานี 12120, ปทุมธานี, ประเทศไทย"
70345bb877418004,โรงเรียน นานาชาติ Ascot,"9 ซอย รามคำแหง 118 แยก 46-4 แขวงสะพานสูง สะพานสูง กรุงเทพมหานคร 10240, กรุงเทพมหานคร","โรงเรียน นานาชาติ Ascot, 9 ซอย รามคำแหง 118 แยก 46-4 แขวงสะพานสูง สะพานสูง กรุงเทพมหานคร 10240, กรุงเทพมหานคร, ประเทศไทย"
73b85e092f605d3e,บริษัทหลักทรัพย์จัดการกองทุน ไทยพาณิชย์ จำกัด. - SCB Asset Management Company Limited,"ไทยพาณิชย์ ปาร์ค พลาซ่า อาคาร 1 ชั้น 7-8 เลขที่ 18 ถนนรัชดาภิเษก แขวงจตุจักร เขตจตุจักร กรุงเทพฯ 10900 โทรศัพท์, กรุงเทพมหานคร","บริษัทหลักทรัพย์จัดการกองทุน ไทยพาณิชย์ จำกัด. - SCB Asset Management Company Limited, ไทยพาณิชย์ ปาร์ค พลาซ่า อาคาร 1 ชั้น 7-8 เลขที่ 18 ถนนรัชดาภิเษก แขวงจตุจักร เขตจตุจักร กรุงเทพฯ 10900 โทรศัพท์, กรุงเทพมหานคร, ประเทศไทย"
e2d7f4dad1247331,บริษัทหลักทรัพย์ อินโนเวสท์ เอ็กซ์ จำกัด (InnovestX),"ไทยพาณิชย์ ปาร์ค พลาซ่า เลขที่ 18 อาคาร 1 ชั้น 2 และเลขที่ 19 อาคาร 3 ชั้น 2 และ 20 ถนนรัชดาภิเษก แขวงจตุจักร เขตจตุจักร กรุงเทพมหานคร 10900, กรุงเทพมหานคร","บริษัทหลักทรัพย์ อินโนเวสท์ เอ็กซ์ จำกัด (InnovestX), ไทยพาณิชย์ ปาร์ค พลาซ่า เลขที่ 18 อาคาร 1 ชั้น 2 และเลขที่ 19 อาคาร 3 ชั้น 2 และ 20 ถนนรัชดาภิเษก แขวงจตุจักร เขตจตุจักร กรุงเทพมหานคร 10900, กรุงเทพมหานคร, ประเทศไทย"
3bfb438b6721f81d,บริษัท มหิศร จำกัด,"18-19 อาคารไทยพาณิชย์ ปาร์ค พลาซ่า ถนนรัชดาภิเษก แขวงลาดยาว เขตจตุจักร กรุงเทพมหานคร 10900, กรุงเทพมหานคร","บริษัท มหิศร จำกัด, 18-19 อาคารไทยพาณิชย์ ปาร์ค พลาซ่า ถนนรัชดาภิเษก แขวงลาดยาว เขตจตุจักร กรุงเทพมหานคร 10900, กรุงเทพมหานคร, ประเทศไทย"
0462317b537eb536,"บริษัท ไทยพาณิชย์พลัส จำกัด - SCB Plus Co., Ltd.","19 อาคารไทยพาณิชย์ ปาร์ค พลาซ่า อีสท์ ซี ชั้น 8, 9 ถนนรัชดาภิเษก แขวงจตุจักร เขตจตุจักร กรุงเทพมหานคร 10900, กรุงเทพมหานคร","บริษัท ไทยพาณิชย์พลัส จำกัด - SCB Plus Co., Ltd., 19 อาคารไทยพาณิชย์ ปาร์ค พลาซ่า อีสท์ ซี ชั้น 8, 9 ถนนรัชดาภิเษก แขวงจตุจักร เขตจตุจักร กรุงเทพมหานคร 10900, กรุงเทพมหานคร, ประเทศไทย"
e7db8354289becff,บริษัท ไทยพาณิชย์ โพรเทค จำกัด - SCB Protect,"ธนาคารไทยพาณิชย์ ปาร์ค พลาซ่า อาคาร อีสท์ ซี ชั้น 14, 15, 16 และ 21 เลขที่ 19 ถนนรัชดาภิเษก แขวงจตุจักร เขตจตุจักร กรุงเทพมหานคร 10900, กรุงเทพมหานคร","บริษัท ไทยพาณิชย์ โพรเทค จำกัด - SCB Protect, ธนาคารไทยพาณิชย์ ปาร์ค พลาซ่า อาคาร อีสท์ ซี ชั้น 14, 15, 16 และ 21 เลขที่ 19 ถนนรัชดาภิเษก แขวงจตุจักร เขตจตุจักร กรุงเทพมหานคร 10900, กรุงเทพมหานคร, ประเทศไทย"
5ab8c03874256a70,บริษัท อบาคัส ดิจิทัล จำกัด - ABACUS DIGITAL COMPANY LIMITED,"เลขที่ 19 ชั้น 22 อาคาร 3 ไทยพาณิชย์ ปาร์ค พลาซ่า ถนนรัชดาภิเษก แขวง/เขต จตุจักร กรุงเทพมหานคร 10900, กรุงเทพมหานคร","บริษัท อบาคัส ดิจิทัล จำกัด - ABACUS DIGITAL COMPANY LIMITED, เลขที่ 19 ชั้น 22 อาคาร 3 ไทยพาณิชย์ ปาร์ค พลาซ่า ถนนรัชดาภิเษก แขวง/เขต จตุจักร กรุงเทพมหานคร 10900, กรุงเทพมหานคร, ประเทศไทย"
914cf628192a9850,บริษัท หลักทรัพย์ ไทยพาณิชย์ จูเลียส แบร์ จำกัด (SCB-Julius Baer),"คือ เลขที่ 801 ถนนสุขุมวิท แขวงคลองตันเหนือ เขตวัฒนา กรุงเทพมหานคร 10110, กรุงเทพมหานคร","บริษัท หลักทรัพย์ ไทยพาณิชย์ จูเลียส แบร์ จำกัด (SCB-Julius Baer), คือ เลขที่ 801 ถนนสุขุมวิท แขวงคลองตันเหนือ เขตวัฒนา กรุงเทพมหานคร 10110, กรุงเทพมหานคร, ประเทศไทย"
bad815b675357260,"บริษัท มันนิกซ์ จำกัด (MONIX CO., LTD.)","ที่ 9 ชั้น 2 ตึกศูนย์การเรียนรู้ ถนนรัชดาภิเษก แขวงจตุจักร เขตจตุจักร กรุงเทพมหานคร 10900, กรุงเทพมหานคร","บริษัท มันนิกซ์ จำกัด (MONIX CO., LTD.), ที่ 9 ชั้น 2 ตึกศูนย์การเรียนรู้ ถนนรัชดาภิเษก แขวงจตุจักร เขตจตุจักร กรุงเทพมหานคร 10900, กรุงเทพมหานคร, ประเทศไทย"
eecbdcca299659dd,บริษัท เอสซีบี เท็นเอกซ์ จำกัด (SCB TechX),"19 อาคารไทยพาณิชย์ ปาร์ค พลาซ่า เวสท์ บี ชั้น 21 ถนนรัชดาภิเษก แขวงจตุจักร เขตจตุจักร กรุงเทพมหานคร 10900, กรุงเทพมหานคร","บริษัท เอสซีบี เท็นเอกซ์ จำกัด (SCB TechX), 19 อาคารไทยพาณิชย์ ปาร์ค พลาซ่า เวสท์ บี ชั้น 21 ถนนรัชดาภิเษก แขวงจตุจักร เขตจตุจักร กรุงเทพมหานคร 10900, กรุงเทพมหานคร, ประเทศไทย"
63273cdd4f043340,บริษัท โทเคน เอกซ์ จำกัด (Token X),"เลขที่ 18 อาคารไทยพาณิชย์ ปาร์ค พลาซ่า เวสท์ เอ ชั้น 2 ถนนรัชดาภิเษก แขวงจตุจักร เขตจตุจักร กรุงเทพมหานคร 10900., กรุงเทพมหานคร","บริษัท โทเคน เอกซ์ จำกัด (Token X), เลขที่ 18 อาคารไทยพาณิชย์ ปาร์ค พลาซ่า เวสท์ เอ ชั้น 2 ถนนรัชดาภิเษก แขวงจตุจักร เขตจตุจักร กรุงเทพมหานคร 10900., กรุงเทพมหานคร, ประเทศไทย"
32c6be042ac54b9e,บริษัท เอสซีบี เทคเอกซ์ จำกัด (SCB TechX),"19 อาคารไทยพาณิชย์ ปาร์ค พลาซ่า เวสท์ บี ชั้น 21 ถนนรัชดาภิเษก แขวงจตุจักร เขตจตุจักร กรุงเทพมหานคร 10900., กรุงเทพมหานคร","บริษัท เอสซีบี เทคเอกซ์ จำกัด (SCB TechX), 19 อาคารไทยพาณิชย์ ปาร์ค พลาซ่า เวสท์ บี ชั้น 21 ถนนรัชดาภิเษก แขวงจตุจักร เขตจตุจักร กรุงเทพมหานคร 10900., กรุงเทพมหานคร, ประเทศไทย"
9ec0c08b0ac3ff2c,"บริษัท อัลฟ่าเอกซ์ จำกัด - ALPHA X CO., LTD.","888 ซอยลาดพร้าว 112 (เอี่ยมสมบูรณ์) แขวงพลับพลา เขตวังทองหลาง กรุงเทพมหานคร 10310, กรุงเทพมหานคร","บริษัท อัลฟ่าเอกซ์ จำกัด - ALPHA X CO., LTD., 888 ซอยลาดพร้าว 112 (เอี่ยมสมบูรณ์) แขวงพลับพลา เขตวังทองหลาง กรุงเทพมหานคร 10310, กรุงเทพมหานคร, ประเทศไทย"
59f0fcdf95bbe181,บริษัท ออโต้ เอกซ์ จำกัด (AutoX),"18 อาคารไทยพาณิชย์ ปาร์คพลาซ่า เวสท์ เอ ชั้น 6 ถนนรัชดาภิเษก แขวงจตุจักร เขตจตุจักร กรุงเทพมหานคร 10900, กรุงเทพมหานคร","บริษัท ออโต้ เอกซ์ จำกัด (AutoX), 18 อาคารไทยพาณิชย์ ปาร์คพลาซ่า เวสท์ เอ ชั้น 6 ถนนรัชดาภิเษก แขวงจตุจักร เขตจตุจักร กรุงเทพมหานคร 10900, กรุงเทพมหานคร, ประเทศไทย"
c33a0fb6c3bc685e,"บริษัท คาร์ด เอกซ์ จำกัด - CARD X CO., LTD.","9 ถนนรัชดาภิเษก แขวงจตุจักร เขตจตุจักร กรุงเทพมหานคร 10900 โดยอาคารที่ตั้งคืออาคาร SC Tower, กรุงเทพมหานคร","บริษัท คาร์ด เอกซ์ จำกัด - CARD X CO., LTD., 9 ถนนรัชดาภิเษก แขวงจตุจักร เขตจตุจักร กรุงเทพมหานคร 10900 โดยอาคารที่ตั้งคืออาคาร SC Tower, กรุงเทพมหานคร, ประเทศไทย"
ea34ea09120365b2,บริหารสินทรัพย์ คาร์ด เอกซ์ จำกัด,"ไทยพาณิชย์ ปาร์ค พลาซ่า (SCB Park Plaza) East Tower D ชั้น 3 ถนนรัชดาภิเษก แขวงจตุจักร เขตจตุจักร กรุงเทพมหานคร 10900, กรุงเทพมหานคร","บริหารสินทรัพย์ คาร์ด เอกซ์ จำกัด, ไทยพาณิชย์ ปาร์ค พลาซ่า (SCB Park Plaza) East Tower D ชั้น 3 ถนนรัชดาภิเษก แขวงจตุจักร เขตจตุจักร กรุงเทพมหานคร 10900, กรุงเทพมหานคร, ประเทศไทย"
996db5b008338340,"บริษัท อัลฟ่า เอกซ์ จำกัด (Alpha X Co., Ltd.)","888 ซอยลาดพร้าว 112 (เอี่ยมสมบูรณ์) แขวงพลับพลา เขตวังทองหลาง กรุงเทพมหานคร 10310., กรุงเทพมหานคร","บริษัท อัลฟ่า เอกซ์ จำกัด (Alpha X Co., Ltd.), 888 ซอยลาดพร้าว 112 (เอี่ยมสมบูรณ์) แขวงพลับพลา เขตวังทองหลาง กรุงเทพมหานคร 10310., กรุงเทพมหานคร, ประเทศไทย"
9e2f3b2ffe4648af,บริษัท เอสซีบี เดต้า เอกซ์ จำกัด (SCB DataX),"18 อาคารไทยพาณิชย์ ปาร์ค พลาซ่า เวสท์ บี ชั้น 7 ถนนรัชดาภิเษก แขวงจตุจักร เขตจตุจักร กรุงเทพมหานคร 10900, กรุงเทพมหานคร","บริษัท เอสซีบี เดต้า เอกซ์ จำกัด (SCB DataX), 18 อาคารไทยพาณิชย์ ปาร์ค พลาซ่า เวสท์ บี ชั้น 7 ถนนรัชดาภิเษก แขวงจตุจักร เขตจตุจักร กรุงเทพมหานคร 10900, กรุงเทพมหานคร, ประเทศไทย"
67526713141469a6,บริษัท พอยท์เอกซ์ จำกัด (POINTX COMPANY LIMITED),"18 ไทยพาณิชย์ ปาร์ค พลาซ่า เวสท์ ทาวเวอร์บี ชั้น 20 โซนซี ถนนรัชดาภิเษก แขวงจตุจักร เขตจตุจักร กรุงเทพมหานคร 10900, กรุงเทพมหานคร","บริษัท พอยท์เอกซ์ จำกัด (POINTX COMPANY LIMITED), 18 ไทยพาณิชย์ ปาร์ค พลาซ่า เวสท์ ทาวเวอร์บี ชั้น 20 โซนซี ถนนรัชดาภิเษก แขวงจตุจักร เขตจตุจักร กรุงเทพมหานคร 10900, กรุงเทพมหานคร, ประเทศไทย"
5238457e083ce0a3,"บริษัท คิซโทเปีย โฮลดิ้ง (ประเทศไทย) จำกัด - Kiztopia Holding (Thailand) Co., Ltd","บริษัท คิซโทเปีย โฮลดิ้ง (ประเทศไทย) จำกัด มีที่ตั้งสำนักงานจดทะเบียนอยู่ที่ 128/102 อาคารพญาไทพลาซ่า ชั้น 9 ห้อง D ถนนพญาไท แขวงทุ่งพญาไท เขตราชเทวี กรุงเทพมหานคร 10400, กรุงเทพมหานคร","บริษัท คิซโทเปีย โฮลดิ้ง (ประเทศไทย) จำกัด - Kiztopia Holding (Thailand) Co., Ltd, บริษัท คิซโทเปีย โฮลดิ้ง (ประเทศไทย) จำกัด มีที่ตั้งสำนักงานจดทะเบียนอยู่ที่ 128/102 อาคารพญาไทพลาซ่า ชั้น 9 ห้อง D ถนนพญาไท แขวงทุ่งพญาไท เขตราชเทวี กรุงเทพมหานคร 10400, กรุงเทพมหานคร, ประเทศไทย"
36bf377b23d3882c,บริษัท ไพร้ซวอเตอร์เฮาส์คูเปอร์ส คอนซัลติ้ง (ประเทศไทย) จำกัด - PRICEWATERHOUSECOOPERS CONSULTING (THAILAND) LTD.,"บริษัท ไพร้ซวอเตอร์เฮาส์คูเปอร์ส คอนซัลติ้ง (ประเทศไทย) จำกัด. อาคารบางกอกซิตี้ทาวเวอร์ ชั้น 15 และ 17 เลขที่ 179/74-80 ถนนสาทรใต้ แขวงทุ่งมหาเมฆ เขตสาทร กรุงเทพมหานคร 10120, กรุงเทพมหานคร","บริษัท ไพร้ซวอเตอร์เฮาส์คูเปอร์ส คอนซัลติ้ง (ประเทศไทย) จำกัด - PRICEWATERHOUSECOOPERS CONSULTING (THAILAND) LTD., บริษัท ไพร้ซวอเตอร์เฮาส์คูเปอร์ส คอนซัลติ้ง (ประเทศไทย) จำกัด. อาคารบางกอกซิตี้ทาวเวอร์ ชั้น 15 และ 17 เลขที่ 179/74-80 ถนนสาทรใต้ แขวงทุ่งมหาเมฆ เขตสาทร กรุงเทพมหานคร 10120, กรุงเทพมหานคร, ประเทศไทย"
d40d6f63311c76c2,บริษัท ทรานสคอสมอส (ไทยแลนด์) จำกัด - Transcosmos Thailand (E-commerce),"เลขที่ 9 อาคารภคินท์ ชั้น 8 ถนนรัชดาภิเษก. แขวงดินแดง เขตดินแดง กรุงเทพมหานคร 10400, กรุงเทพมหานคร","บริษัท ทรานสคอสมอส (ไทยแลนด์) จำกัด - Transcosmos Thailand (E-commerce), เลขที่ 9 อาคารภคินท์ ชั้น 8 ถนนรัชดาภิเษก. แขวงดินแดง เขตดินแดง กรุงเทพมหานคร 10400, กรุงเทพมหานคร, ประเทศไทย"
e8be80174dc7b6e3,บริษัท เคมีแมน จำกัด มหาชน - Chememan Public Company Limited,"195/11-12 อาคารเลค รัชดา ออฟฟิศ คอมเพล็กซ์ 2 ชั้นที่ 10-11 ถนนรัชดาภิเษก แขวงคลองเตย เขตคลองเตย กรุงเทพมหานคร 10110, กรุงเทพมหานคร","บริษัท เคมีแมน จำกัด มหาชน - Chememan Public Company Limited, 195/11-12 อาคารเลค รัชดา ออฟฟิศ คอมเพล็กซ์ 2 ชั้นที่ 10-11 ถนนรัชดาภิเษก แขวงคลองเตย เขตคลองเตย กรุงเทพมหานคร 10110, กรุงเทพมหานคร, ประเทศไทย"
f73d16fc0956d86c,บริษัท เคลล็อก (ประเทศไทย) จำกัด - Kellogg (Thailand) Company Limited,"60 หมู่ 4 นิคมอุตสาหกรรมอีสเทิร์นซีบอร์ด ถนนทางหลวงสาย 331 ตำบลปลวกแดง อำเภอปลวกแดง จังหวัดระยอง 21140, ระยอง","บริษัท เคลล็อก (ประเทศไทย) จำกัด - Kellogg (Thailand) Company Limited, 60 หมู่ 4 นิคมอุตสาหกรรมอีสเทิร์นซีบอร์ด ถนนทางหลวงสาย 331 ตำบลปลวกแดง อำเภอปลวกแดง จังหวัดระยอง 21140, ระยอง, ประเทศไทย"
487b29bdf3c86d9b,"บริษัท ไทย อคริลิค ไฟเบอร์ จำกัด - THAI ACRYLIC FIBRE CO., LTD.","888/168-169 อาคารมหาทุนพลาซ่า ชั้น 16 ถนนเพลินจิต แขวงลุมพินี เขตปทุมวัน กรุงเทพมหานคร 10330, กรุงเทพมหานคร","บริษัท ไทย อคริลิค ไฟเบอร์ จำกัด - THAI ACRYLIC FIBRE CO., LTD., 888/168-169 อาคารมหาทุนพลาซ่า ชั้น 16 ถนนเพลินจิต แขวงลุมพินี เขตปทุมวัน กรุงเทพมหานคร 10330, กรุงเทพมหานคร, ประเทศไทย"
f101e7f85c8ed84d,บริษัท บางจากกรีนเนท จำกัด - BANGCHAK GREEN NET COMPANY LIMITED,"บริษัท บางจากกรีนเนท จำกัด (BGN) 2098 อาคารเอ็ม ทาวเวอร์ ชั้น 17 ถนนสุขุมวิท แขวงพระโขนงใต้ เขตพระโขนง กรุงเทพมหานคร 10260, กรุงเทพมหานคร","บริษัท บางจากกรีนเนท จำกัด - BANGCHAK GREEN NET COMPANY LIMITED, บริษัท บางจากกรีนเนท จำกัด (BGN) 2098 อาคารเอ็ม ทาวเวอร์ ชั้น 17 ถนนสุขุมวิท แขวงพระโขนงใต้ เขตพระโขนง กรุงเทพมหานคร 10260, กรุงเทพมหานคร, ประเทศไทย"
6c441a9990eb87fc,บริษัท เวนทิเลชั่น เอ็นจิเนียริ่ง จำกัด - VENTILATION ENGINEERING COMPANY LIMITED,"634/11 ซอย รามคำแหง 39 ถนนประชาอุทิศ แขวงวังทองหลาง เขตวังทองหลาง กรุงเทพมหานคร 10310, กรุงเทพมหานคร","บริษัท เวนทิเลชั่น เอ็นจิเนียริ่ง จำกัด - VENTILATION ENGINEERING COMPANY LIMITED, 634/11 ซอย รามคำแหง 39 ถนนประชาอุทิศ แขวงวังทองหลาง เขตวังทองหลาง กรุงเทพมหานคร 10310, กรุงเทพมหานคร, ประเทศไทย"
67093e478dc04dbb,วี เอ็กคลูซีฟ กรุ๊ป จำกัด - V EXCLUSIVE GROUP COMPANY LIMITED,"เลขที่ 47/49 ซอยลาดพร้าว 15. แขวงจอมพล เขตจตุจักร กรุงเทพมหานคร 10900, กรุงเทพมหานคร","วี เอ็กคลูซีฟ กรุ๊ป จำกัด - V EXCLUSIVE GROUP COMPANY LIMITED, เลขที่ 47/49 ซอยลาดพร้าว 15. แขวงจอมพล เขตจตุจักร กรุงเทพมหานคร 10900, กรุงเทพมหานคร, ประเทศไทย"
72c036e410ac4b39,"บริษัท แสงฟ้าก่อสร้าง จำกัด - SANGFAH CONSTRUCTION & ENGINEERING CO.,LTD.","บริษัท แสงฟ้าก่อสร้าง จำกัด 3785/1-2, 3785/5-6 ถ.พระรามที่ 4 แขวงพระโขนง เขตคลองเตย กรุงเทพฯ 10110, กรุงเทพมหานคร","บริษัท แสงฟ้าก่อสร้าง จำกัด - SANGFAH CONSTRUCTION & ENGINEERING CO.,LTD., บริษัท แสงฟ้าก่อสร้าง จำกัด 3785/1-2, 3785/5-6 ถ.พระรามที่ 4 แขวงพระโขนง เขตคลองเตย กรุงเทพฯ 10110, กรุงเทพมหานคร, ประเทศไทย"
f107b64cb61660db,Ash Asia บริษัท แอช เอเชีย อินเตอร์เนชั่นแนล จำกัด,"บริษัท แอช เอเชีย อินเตอร์เนชั่นแนล จำกัด ซอยเจริญกรุง 36 ถนนเจริญกรุง แขวงบางรัก เขตบางรัก กรุงเทพมหานคร 10500 ., กรุงเทพมหานคร","Ash Asia บริษัท แอช เอเชีย อินเตอร์เนชั่นแนล จำกัด, บริษัท แอช เอเชีย อินเตอร์เนชั่นแนล จำกัด ซอยเจริญกรุง 36 ถนนเจริญกรุง แขวงบางรัก เขตบางรัก กรุงเทพมหานคร 10500 ., กรุงเทพมหานคร, ประเทศไทย"
97aed152037561eb,Boozia Distribution บริษัท บูเซีย ดิสทริบิวชั่น จำกัด,"บริษัท บูเซีย ดิสทริบิวชั่น จำกัด 211 ซอยปรีดีพนมยงค์ 11 ถนนสุขุมวิท 71 แขวงพระโขนงเหนือ เขตวัฒนา กรุงเทพมหานคร, กรุงเทพมหานคร","Boozia Distribution บริษัท บูเซีย ดิสทริบิวชั่น จำกัด, บริษัท บูเซีย ดิสทริบิวชั่น จำกัด 211 ซอยปรีดีพนมยงค์ 11 ถนนสุขุมวิท 71 แขวงพระโขนงเหนือ เขตวัฒนา กรุงเทพมหานคร, กรุงเทพมหานคร, ประเทศไทย"
391fd8b9a8617d4f,DKSH บริษัท ดีเคเอสเอช (ประเทศไทย) จำกัด,"บริษัท ดีเคเอสเอช (ประเทศไทย) จำกัด – สำนักงานใหญ่ อาคารแฟนทรี 3 เลขที่ 2106 ถนนสุขุมวิท แขวงบางจาก เขตพระโขนง กรุงเทพมหานคร 10260., กรุงเทพมหานคร","DKSH บริษัท ดีเคเอสเอช (ประเทศไทย) จำกัด, บริษัท ดีเคเอสเอช (ประเทศไทย) จำกัด – สำนักงานใหญ่ อาคารแฟนทรี 3 เลขที่ 2106 ถนนสุขุมวิท แขวงบางจาก เขตพระโขนง กรุงเทพมหานคร 10260., กรุงเทพมหานคร, ประเทศไทย"
19af24a590c9d594,E-cloud ECLOUDVALLEY TECHNOLOGY LIMITED,"ECLOUDVALLEY TECHNOLOGY LIMITED1550 อาคารธนภูมิ ชั้น 25 (ยูนิตเอ) ถนนเพชรบุรีตัดใหม่ แขวงมักกะสัน เขตราชเทวี กรุงเทพมหานคร 10400., กรุงเทพมหานคร","E-cloud ECLOUDVALLEY TECHNOLOGY LIMITED, ECLOUDVALLEY TECHNOLOGY LIMITED1550 อาคารธนภูมิ ชั้น 25 (ยูนิตเอ) ถนนเพชรบุรีตัดใหม่ แขวงมักกะสัน เขตราชเทวี กรุงเทพมหานคร 10400., กรุงเทพมหานคร, ประเทศไทย"
05406e8d4fd395bd,Hafele Thailand เฮเฟเล่ (ประเทศไทย) จำกัด,"เฮเฟเล่ (ประเทศไทย) จำกัด สำนักงานใหญ่ 57 ซ.สุขุมวิท64 ถ.สุขุมวิท แขวงพระโขนงใต้ เขตพระโขนง กรุงเทพฯ 10260., กรุงเทพมหานคร","Hafele Thailand เฮเฟเล่ (ประเทศไทย) จำกัด, เฮเฟเล่ (ประเทศไทย) จำกัด สำนักงานใหญ่ 57 ซ.สุขุมวิท64 ถ.สุขุมวิท แขวงพระโขนงใต้ เขตพระโขนง กรุงเทพฯ 10260., กรุงเทพมหานคร, ประเทศไทย"
abf0b195cc3b5eac,INET บริษัท อินเทอร์เน็ตประเทศไทย จำกัด (มหาชน).,"บริษัท อินเทอร์เน็ตประเทศไทย จำกัด (มหาชน). 1768 อาคารไทยซัมมิท ทาวเวอร์ ชั้น 10-12 และชั้น IT ถ.เพชรบุรีตัดใหม่ แขวงบางกะปิ เขตห้วยขวาง กรุงเทพมหานคร 10310., กรุงเทพมหานคร","INET บริษัท อินเทอร์เน็ตประเทศไทย จำกัด (มหาชน)., บริษัท อินเทอร์เน็ตประเทศไทย จำกัด (มหาชน). 1768 อาคารไทยซัมมิท ทาวเวอร์ ชั้น 10-12 และชั้น IT ถ.เพชรบุรีตัดใหม่ แขวงบางกะปิ เขตห้วยขวาง กรุงเทพมหานคร 10310., กรุงเทพมหานคร, ประเทศไทย"
5b0c2f76bf56bd21,Minor International (Hospitality) บริษัท ไมเนอร์ อินเตอร์เนชั่นแนล จำกัด (มหาชน),"บริษัท ไมเนอร์ อินเตอร์เนชั่นแนล จำกัด (มหาชน) 88 อาคารเดอะปาร์ค ชั้น 12 ถนนรัชดาภิเษก แขวงคลองเตย เขตคลองเตย กรุงเทพมหานคร 10110., กรุงเทพมหานคร","Minor International (Hospitality) บริษัท ไมเนอร์ อินเตอร์เนชั่นแนล จำกัด (มหาชน), บริษัท ไมเนอร์ อินเตอร์เนชั่นแนล จำกัด (มหาชน) 88 อาคารเดอะปาร์ค ชั้น 12 ถนนรัชดาภิเษก แขวงคลองเตย เขตคลองเตย กรุงเทพมหานคร 10110., กรุงเทพมหานคร, ประเทศไทย"
817acf3069da9233,บริษัท มิติ เดนทัล จำกัด - MITI Dental,"85 Arirak, ซ. สุขุมวิท 50 Phrakanong, เขตคลองเตย กรุงเทพมหานคร 10110., กรุงเทพมหานคร","บริษัท มิติ เดนทัล จำกัด - MITI Dental, 85 Arirak, ซ. สุขุมวิท 50 Phrakanong, เขตคลองเตย กรุงเทพมหานคร 10110., กรุงเทพมหานคร, ประเทศไทย"
d2b4a71b5a64c282,บริษัท พลัส พร็อพเพอร์ตี้ จำกัด - Plus Property,"59 Soi Rim Khlong, แขวงพระโขนงเหนือ Sub-district, กรุงเทพมหานคร 10110., กรุงเทพมหานคร","บริษัท พลัส พร็อพเพอร์ตี้ จำกัด - Plus Property, 59 Soi Rim Khlong, แขวงพระโขนงเหนือ Sub-district, กรุงเทพมหานคร 10110., กรุงเทพมหานคร, ประเทศไทย"
c8d2273ed28b0170,True บริษัท ทรู คอร์ปอเรชั่น จำกัด (มหาชน) - True Corporation Public Company Limited,"บริษัท ทรู คอร์ปอเรชั่น จำกัด (มหาชน) เลขที่ 18 อาคารทรู ทาวเวอร์ ถนนรัชดาภิเษก แขวงห้วยขวาง เขตห้วยขวาง กรุงเทพมหานคร 10310., กรุงเทพมหานคร","True บริษัท ทรู คอร์ปอเรชั่น จำกัด (มหาชน) - True Corporation Public Company Limited, บริษัท ทรู คอร์ปอเรชั่น จำกัด (มหาชน) เลขที่ 18 อาคารทรู ทาวเวอร์ ถนนรัชดาภิเษก แขวงห้วยขวาง เขตห้วยขวาง กรุงเทพมหานคร 10310., กรุงเทพมหานคร, ประเทศไทย"
dc29b30b195454b6,คาร์ตัล โรงแรมคาร์ลตัน กรุงเทพ สุขุมวิท - Carlton Hotel Bangkok Sukhumvit,"โรงแรมคาร์ลตัน กรุงเทพ สุขุมวิท 491 ถ. สุขุมวิท แขวงคลองเตยเหนือ เขตวัฒนา กรุงเทพมหานคร 10110., กรุงเทพมหานคร","คาร์ตัล โรงแรมคาร์ลตัน กรุงเทพ สุขุมวิท - Carlton Hotel Bangkok Sukhumvit, โรงแรมคาร์ลตัน กรุงเทพ สุขุมวิท 491 ถ. สุขุมวิท แขวงคลองเตยเหนือ เขตวัฒนา กรุงเทพมหานคร 10110., กรุงเทพมหานคร, ประเทศไทย"
f6ff928cac438097,จีเอ็มเอ็ม แกรมมี่ อาคาร จีเอ็มเอ็ม แกรมมี่ - GMM Grammy Place,"อาคาร จีเอ็มเอ็ม แกรมมี่ เพลส 50 ถ. สุขุมวิท แขวงคลองเตยเหนือ เขตวัฒนา กรุงเทพมหานคร 10110., กรุงเทพมหานคร","จีเอ็มเอ็ม แกรมมี่ อาคาร จีเอ็มเอ็ม แกรมมี่ - GMM Grammy Place, อาคาร จีเอ็มเอ็ม แกรมมี่ เพลส 50 ถ. สุขุมวิท แขวงคลองเตยเหนือ เขตวัฒนา กรุงเทพมหานคร 10110., กรุงเทพมหานคร, ประเทศไทย"
79af032456469e61,เจียไต๋ จำกัด บริษัท เจียไต๋ จำกัด (สำนักงานใหญ่) - CHIA TAI COMPANY LIMITED,"บริษัท เจียไต๋ จำกัด (สำนักงานใหญ่) · 1 ซอยสุขุมวิท 60 แขวงพระโขนงใต้ เขตพระโขนง กรุงเทพมหานคร 10260 ·, กรุงเทพมหานคร","เจียไต๋ จำกัด บริษัท เจียไต๋ จำกัด (สำนักงานใหญ่) - CHIA TAI COMPANY LIMITED, บริษัท เจียไต๋ จำกัด (สำนักงานใหญ่) · 1 ซอยสุขุมวิท 60 แขวงพระโขนงใต้ เขตพระโขนง กรุงเทพมหานคร 10260 ·, กรุงเทพมหานคร, ประเทศไทย"
e465a3ccdc167a40,โรงเเรม ลัคกี้ กรุงเทพ - Lucky hotel bangkok sukhumvit26,"โรงเเรม Lucky hotel bangkok sukhumvit26 49 สุขุมวิท 26 แขวงคลองตันเหนือ เขตคลองเตย กรุงเทพมหานคร 10110., กรุงเทพมหานคร","โรงเเรม ลัคกี้ กรุงเทพ - Lucky hotel bangkok sukhumvit26, โรงเเรม Lucky hotel bangkok sukhumvit26 49 สุขุมวิท 26 แขวงคลองตันเหนือ เขตคลองเตย กรุงเทพมหานคร 10110., กรุงเทพมหานคร, ประเทศไทย"
0b0b92acf8366e96,เดอะ ไวน์ เมอร์ชานส์ จำกัด (The Wine Merchant – TWM),"เดอะ ไวน์ เมอร์ชานส์ จำกัด (The Wine Merchant – TWM) 6/18 หมู่บ้านปรัชญาโฮมทาวน์ ถ. สุคนธสวัสดิ์ แขวงลาดพร้าว ลาดพร้าว กรุงเทพมหานคร 10230., กรุงเทพมหานคร","เดอะ ไวน์ เมอร์ชานส์ จำกัด (The Wine Merchant – TWM), เดอะ ไวน์ เมอร์ชานส์ จำกัด (The Wine Merchant – TWM) 6/18 หมู่บ้านปรัชญาโฮมทาวน์ ถ. สุคนธสวัสดิ์ แขวงลาดพร้าว ลาดพร้าว กรุงเทพมหานคร 10230., กรุงเทพมหานคร, ประเทศไทย"
7dcbec287c352968,"บริษัท บางเสาธง สแควร์ จำกัด - Bang Sao Thong Square Co., Ltd.","บริษัท บางเสาธง สแควร์ จำกัด 204/1125 หมู่ที่ 1 ตำบลบางเสาธง อำเภอบางเสาธง จ.สมุทรปราการ 10570., สมุทรปราการ","บริษัท บางเสาธง สแควร์ จำกัด - Bang Sao Thong Square Co., Ltd., บริษัท บางเสาธง สแควร์ จำกัด 204/1125 หมู่ที่ 1 ตำบลบางเสาธง อำเภอบางเสาธง จ.สมุทรปราการ 10570., สมุทรปราการ, ประเทศไทย"
f3d05727776eb825,บริษัท บีโอจี จำกัด [BANPU OIL AND GAS COMPANY LIMITED ],"บริษัท บีโอจี จำกัด [BANPU OIL AND GAS COMPANY LIMITED ] สำนักงานใหญ่ 2098 อาคารเอ็ม ทาวเวอร์ ชั้น 5 ถนนสุขุมวิท แขวงพระโขนงใต้ เขตพระโขนง กรุงเทพมหานคร 10260., กรุงเทพมหานคร","บริษัท บีโอจี จำกัด [BANPU OIL AND GAS COMPANY LIMITED ], บริษัท บีโอจี จำกัด [BANPU OIL AND GAS COMPANY LIMITED ] สำนักงานใหญ่ 2098 อาคารเอ็ม ทาวเวอร์ ชั้น 5 ถนนสุขุมวิท แขวงพระโขนงใต้ เขตพระโขนง กรุงเทพมหานคร 10260., กรุงเทพมหานคร, ประเทศไทย"
3296216da05130dd,บริษัท เฮเฟเล่ (ประเทศไทย) จำกัด - Hafele (Thailand) Limited,"เฮเฟเล่ (ประเทศไทย) จำกัด สำนักงานใหญ่ 57 ซ.สุขุมวิท64 ถ.สุขุมวิท แขวงพระโขนงใต้ เขตพระโขนง กรุงเทพฯ 10260., กรุงเทพมหานคร","บริษัท เฮเฟเล่ (ประเทศไทย) จำกัด - Hafele (Thailand) Limited, เฮเฟเล่ (ประเทศไทย) จำกัด สำนักงานใหญ่ 57 ซ.สุขุมวิท64 ถ.สุขุมวิท แขวงพระโขนงใต้ เขตพระโขนง กรุงเทพฯ 10260., กรุงเทพมหานคร, ประเทศไทย"
06fb8b230d521ad8,ธนาคารกรุงศรีอยุธยา จำกัด (มหาชน) สำนักงานใหญ่ พระราม3 - Bank of Ayudhya Public Company Limited.,"1222 ถ. พระรามที่ 3 แขวงบางโพงพาง เขตยานนาวา กรุงเทพมหานคร 10120., กรุงเทพมหานคร","ธนาคารกรุงศรีอยุธยา จำกัด (มหาชน) สำนักงานใหญ่ พระราม3 - Bank of Ayudhya Public Company Limited., 1222 ถ. พระรามที่ 3 แขวงบางโพงพาง เขตยานนาวา กรุงเทพมหานคร 10120., กรุงเทพมหานคร, ประเทศไทย"
e3d99a552cfc6224,ธนาคารเกียรตินาคินภัทร จำกัด (มหาชน) - KIATNAKIN PHATRA BANK PUBLIC COMPANY LIMITED,"ธนาคารเกียรตินาคินภัทร จำกัด (มหาชน). 209 อาคารเคเคพี ทาวเวอร์ ถนนสุขุมวิท 21 (อโศก) แขวงคลองเตยเหนือ เขตวัฒนา กรุงเทพฯ 10110., กรุงเทพมหานคร","ธนาคารเกียรตินาคินภัทร จำกัด (มหาชน) - KIATNAKIN PHATRA BANK PUBLIC COMPANY LIMITED, ธนาคารเกียรตินาคินภัทร จำกัด (มหาชน). 209 อาคารเคเคพี ทาวเวอร์ ถนนสุขุมวิท 21 (อโศก) แขวงคลองเตยเหนือ เขตวัฒนา กรุงเทพฯ 10110., กรุงเทพมหานคร, ประเทศไทย"
30ffa92ca85f7741,"บริษัท 345 เมดิคอล จำกัด - 345 MEDICAL CO., LTD.","55/158 หมู่ที่ 15 ตำบลบางรักพัฒนา อำเภอบางบัวทอง จ.นนทบุรี 11110., นนทบุรี","บริษัท 345 เมดิคอล จำกัด - 345 MEDICAL CO., LTD., 55/158 หมู่ที่ 15 ตำบลบางรักพัฒนา อำเภอบางบัวทอง จ.นนทบุรี 11110., นนทบุรี, ประเทศไทย"
986f7a8b1c8c52fd,บริษัท ซีบอร์น โลจิสติกส์ แอนด์ เซอร์วิส จำกัด (สุขุมวิท62) - SEABORNE LOGISTTCS & SERVICES COMPANY LIMITED,"31 ถนนสุขุมวิท 62 แขวงบางจาก เขตพระโขนง กรุงเทพมหานคร 10260., กรุงเทพมหานคร","บริษัท ซีบอร์น โลจิสติกส์ แอนด์ เซอร์วิส จำกัด (สุขุมวิท62) - SEABORNE LOGISTTCS & SERVICES COMPANY LIMITED, 31 ถนนสุขุมวิท 62 แขวงบางจาก เขตพระโขนง กรุงเทพมหานคร 10260., กรุงเทพมหานคร, ประเทศไทย"
914d362f3242ce06,บริษัท ทรู คอร์ปอเรชั่น - True Corporation Public Company Limited,"บริษัท ทรู คอร์ปอเรชั่น จำกัด (มหาชน) เลขที่ 18 อาคารทรู ทาวเวอร์ ถนนรัชดาภิเษก แขวงห้วยขวาง เขตห้วยขวาง กรุงเทพมหานคร 10310., กรุงเทพมหานคร","บริษัท ทรู คอร์ปอเรชั่น - True Corporation Public Company Limited, บริษัท ทรู คอร์ปอเรชั่น จำกัด (มหาชน) เลขที่ 18 อาคารทรู ทาวเวอร์ ถนนรัชดาภิเษก แขวงห้วยขวาง เขตห้วยขวาง กรุงเทพมหานคร 10310., กรุงเทพมหานคร, ประเทศไทย"
81752f390ef6bd8a,บริษัท ธนาคารไทยเครดิต จำกัด (มหาชน) - Thai Credit Bank Public Company Limited,"วรรณ ทาวเวอร์ ถนนพระราม 9 แขวงห้วยขวาง เขตห้วยขวาง กรุงเทพมหานคร 10310., กรุงเทพมหานคร","บริษัท ธนาคารไทยเครดิต จำกัด (มหาชน) - Thai Credit Bank Public Company Limited, วรรณ ทาวเวอร์ ถนนพระราม 9 แขวงห้วยขวาง เขตห้วยขวาง กรุงเทพมหานคร 10310., กรุงเทพมหานคร, ประเทศไทย"
df23abdb3740f949,บริษัท บิซิเนส เซอร์วิสเซส อันไลแอนซ์ จำกัด - Business Services Alliance,"555/1 ศูนย์เอนเนอร์ยี่คอมเพล็กซ์ อาคารเอ ชั้น 15 ถนนวิภาวดีรังสิต แขวงจตุจักร เขตจตุจักร กรุงเทพมหานคร 10900., กรุงเทพมหานคร","บริษัท บิซิเนส เซอร์วิสเซส อันไลแอนซ์ จำกัด - Business Services Alliance, 555/1 ศูนย์เอนเนอร์ยี่คอมเพล็กซ์ อาคารเอ ชั้น 15 ถนนวิภาวดีรังสิต แขวงจตุจักร เขตจตุจักร กรุงเทพมหานคร 10900., กรุงเทพมหานคร, ประเทศไทย"
72dc422572e26683,"บริษัท ไบนารี่ บล็อกเชน เทคโนโลยี (ไทยแลนด์) จำกัด BINARY BLOCKCHAIN TECHNOLOGY (THAILAND) CO., LTD","BINARY BLOCKCHAIN TECHNOLOGY (THAILAND) CO., LTD. 87/1 อาคารแคปปิตอลทาวเวอร์ ออลซีซั่นส์เพลส ชั้นที่ 10 ถนนวิทยุ แขวงลุมพินี เขตปทุมวัน กรุงเทพมหานคร 10330, กรุงเทพมหานคร","บริษัท ไบนารี่ บล็อกเชน เทคโนโลยี (ไทยแลนด์) จำกัด BINARY BLOCKCHAIN TECHNOLOGY (THAILAND) CO., LTD, BINARY BLOCKCHAIN TECHNOLOGY (THAILAND) CO., LTD. 87/1 อาคารแคปปิตอลทาวเวอร์ ออลซีซั่นส์เพลส ชั้นที่ 10 ถนนวิทยุ แขวงลุมพินี เขตปทุมวัน กรุงเทพมหานคร 10330, กรุงเทพมหานคร, ประเทศไทย"
f62697d65c36a701,บริษัท เมิร์จ คอมพาเนี่ยน (ประเทศไทย) จำกัด - Merge Companion (Thailand),"3300/121-124, ตึกช้าง อาคาร B ชั้น24 ถ.พหลโยธิน แขวงจอมพล เขตจตุจักร ; จังหวัด : กรุงเทพมหานคร ; รหัสไปรษณีย์ : 10900 ; ประเทศ : ไทย, กรุงเทพมหานคร","บริษัท เมิร์จ คอมพาเนี่ยน (ประเทศไทย) จำกัด - Merge Companion (Thailand), 3300/121-124, ตึกช้าง อาคาร B ชั้น24 ถ.พหลโยธิน แขวงจอมพล เขตจตุจักร ; จังหวัด : กรุงเทพมหานคร ; รหัสไปรษณีย์ : 10900 ; ประเทศ : ไทย, กรุงเทพมหานคร, ประเทศไทย"
34a1d14f46a111e9,บริษัท ไมเนอร์ อินเตอร์เนชั่นแนล จำกัด (มหาชน) - Minor International Public Company Limited,"88 อาคารเดอะปาร์ค ชั้น 12 ถนนรัชดาภิเษก แขวงคลองเตย เขตคลองเตย กรุงเทพมหานคร 10110., กรุงเทพมหานคร","บริษัท ไมเนอร์ อินเตอร์เนชั่นแนล จำกัด (มหาชน) - Minor International Public Company Limited, 88 อาคารเดอะปาร์ค ชั้น 12 ถนนรัชดาภิเษก แขวงคลองเตย เขตคลองเตย กรุงเทพมหานคร 10110., กรุงเทพมหานคร, ประเทศไทย"
721162d5a6bdbd72,บริษัท สเต็ป ฟอร์เวิร์ด จำกัด - Step Forward Company Limited,"บริษัท สเต็ป ฟอร์เวิร์ดกรุ๊ป จำกัด เลขที่ 714 ถนนพระรามที่ 2 แขวงแสมดำ เขตบางขุนเทียน กรุงเทพ 10150., กรุงเทพมหานคร","บริษัท สเต็ป ฟอร์เวิร์ด จำกัด - Step Forward Company Limited, บริษัท สเต็ป ฟอร์เวิร์ดกรุ๊ป จำกัด เลขที่ 714 ถนนพระรามที่ 2 แขวงแสมดำ เขตบางขุนเทียน กรุงเทพ 10150., กรุงเทพมหานคร, ประเทศไทย"
69651fd0a570bd13,บริษัท ออโต้ เอกซ์ จำกัด (บริษัทในเครือ SCBX เกี่ยวกับสินเชื่อรถยนต์),"บริษัท เอสซีบี เอกซ์ จํากัด (มหาชน). ที่ตั้ง. 9 ถนนรัชดาภิเษก แขวงจตุจักร เขตจตุจักร กรุงเทพมหานคร 10900, กรุงเทพมหานคร","บริษัท ออโต้ เอกซ์ จำกัด (บริษัทในเครือ SCBX เกี่ยวกับสินเชื่อรถยนต์), บริษัท เอสซีบี เอกซ์ จํากัด (มหาชน). ที่ตั้ง. 9 ถนนรัชดาภิเษก แขวงจตุจักร เขตจตุจักร กรุงเทพมหานคร 10900, กรุงเทพมหานคร, ประเทศไทย"
84f5e1a3264d03de,บริษัท อิตัลไทยวิศวกรรม จำกัด - ITALTHAI ENGINEERING,"2034/124 อาคารอิตัลไทยทาวเวอร์ ถนนเพชรบุรีตัดใหม่ แขวงบางกะปิ เขตห้วยขวาง กรุงเทพมหานคร 10310., กรุงเทพมหานคร","บริษัท อิตัลไทยวิศวกรรม จำกัด - ITALTHAI ENGINEERING, 2034/124 อาคารอิตัลไทยทาวเวอร์ ถนนเพชรบุรีตัดใหม่ แขวงบางกะปิ เขตห้วยขวาง กรุงเทพมหานคร 10310., กรุงเทพมหานคร, ประเทศไทย"
ccefbd6becb6180b,บริษัท อินเทอร์เน็ตประเทศไทย จำกัด - Internet Thailand Public Company Limited,"บริษัท อินเทอร์เน็ตประเทศไทย จำกัด (มหาชน) 1768 ไทยซัมมิททาวเวอร์ ถนนเพชรบุรีตัดใหม่ แขวงบางกะปิ เขตห้วยขวาง กรุงเทพมหานคร 10310., กรุงเทพมหานคร","บริษัท อินเทอร์เน็ตประเทศไทย จำกัด - Internet Thailand Public Company Limited, บริษัท อินเทอร์เน็ตประเทศไทย จำกัด (มหาชน) 1768 ไทยซัมมิททาวเวอร์ ถนนเพชรบุรีตัดใหม่ แขวงบางกะปิ เขตห้วยขวาง กรุงเทพมหานคร 10310., กรุงเทพมหานคร, ประเทศไทย"
177ba9c351ddbd3e,บริษัท เอคเซนเชอร์ โซลูชั่นส์ จำกัด - Accenture Solutions,"990 อาคารอับดุลราฮิม ถนนพระราม 4 แขวงสีลม เขตบางรัก กรุงเทพมหานคร 10500., กรุงเทพมหานคร","บริษัท เอคเซนเชอร์ โซลูชั่นส์ จำกัด - Accenture Solutions, 990 อาคารอับดุลราฮิม ถนนพระราม 4 แขวงสีลม เขตบางรัก กรุงเทพมหานคร 10500., กรุงเทพมหานคร, ประเทศไทย"
4d439d9876b3b6e1,บริษัท เอทีเค กู๊ด เซอร์วิส จำกัด - ATK GOOD SERVICES COMPANY LIMITED,"บริษัท เอทีเค กู๊ด เซอร์วิส จำกัด. หมู่บ้านมัณฑนา แจ้งวัฒนะ-ราชพฤกษ์ เลขที่ 99/248 หมู่ที่ 5 ตำบลบางพลับ อำเภอปากเกร็ด จ.นนทบุรี 11120, นนทบุรี","บริษัท เอทีเค กู๊ด เซอร์วิส จำกัด - ATK GOOD SERVICES COMPANY LIMITED, บริษัท เอทีเค กู๊ด เซอร์วิส จำกัด. หมู่บ้านมัณฑนา แจ้งวัฒนะ-ราชพฤกษ์ เลขที่ 99/248 หมู่ที่ 5 ตำบลบางพลับ อำเภอปากเกร็ด จ.นนทบุรี 11120, นนทบุรี, ประเทศไทย"
c10dc333cdf7ba7b,บริษัท โอโระ (ประเทศไทย) จำกัด - ORO (Thailand),"บริษัท โอโระ (ประเทศไทย) จำกัด 8 อาคารทีวัน ชั้น 15 ห้องเลขที่ 15-105 ซอยสุขุมวิท 40 ถนนสุขุมวิท พระโขนง เขตคลองเตย กรุงเทพมหานคร, กรุงเทพมหานคร","บริษัท โอโระ (ประเทศไทย) จำกัด - ORO (Thailand), บริษัท โอโระ (ประเทศไทย) จำกัด 8 อาคารทีวัน ชั้น 15 ห้องเลขที่ 15-105 ซอยสุขุมวิท 40 ถนนสุขุมวิท พระโขนง เขตคลองเตย กรุงเทพมหานคร, กรุงเทพมหานคร, ประเทศไทย"
6b2ef22b19417883,บริษัทจันวาณิชย์ ซีเคียวริตี้พริ้นท์ติ้ง - Chanwanich Security Printing Company Limited,"อาคารกองบุญมา 699 ถนนสีลม แขวงสีลม เขตบางรัก กรุงเทพฯ 10500, กรุงเทพมหานคร","บริษัทจันวาณิชย์ ซีเคียวริตี้พริ้นท์ติ้ง - Chanwanich Security Printing Company Limited, อาคารกองบุญมา 699 ถนนสีลม แขวงสีลม เขตบางรัก กรุงเทพฯ 10500, กรุงเทพมหานคร, ประเทศไทย"
08ed89554d68b6a3,บริษัทเบอร์ลี่ ยุคเกอร์ จำกัด (มหาชน) - Berli Jucker Public Company Limited,"99 อาคารเบอร์ลี่ ยุคเกอร์ ซอยรูเบีย ถนนสุขุมวิท 42 แขวงพระโขนง เขตคลองเตย กรุงเทพมหานคร 10110, กรุงเทพมหานคร","บริษัทเบอร์ลี่ ยุคเกอร์ จำกัด (มหาชน) - Berli Jucker Public Company Limited, 99 อาคารเบอร์ลี่ ยุคเกอร์ ซอยรูเบีย ถนนสุขุมวิท 42 แขวงพระโขนง เขตคลองเตย กรุงเทพมหานคร 10110, กรุงเทพมหานคร, ประเทศไทย"
cb022f7af18119cd,บริษัทแอนตัน พาร์ (ประเทศไทย) จำกัด - Anton Paar (Thailand),"90 อาคารซีดับเบิ้ลยู ทาวเวอร์ ชั้นที่ 39 ยูนิตเลขที่ เอ3902 ถนนรัชดาภิเษก แขวงห้วยขวาง เขตห้วยขวาง กรุงเทพมหานคร 10310, กรุงเทพมหานคร","บริษัทแอนตัน พาร์ (ประเทศไทย) จำกัด - Anton Paar (Thailand), 90 อาคารซีดับเบิ้ลยู ทาวเวอร์ ชั้นที่ 39 ยูนิตเลขที่ เอ3902 ถนนรัชดาภิเษก แขวงห้วยขวาง เขตห้วยขวาง กรุงเทพมหานคร 10310, กรุงเทพมหานคร, ประเทศไทย"
4b5394d813385f6d,บริษัท หลักทรัพย์ เกียรตินาคินภัทร จำกัด (มหาชน) - KIATNAKIN PHATRA SECURITIES PUBLIC COMPANY LIMITED,"บล.เกียรตินาคินภัทร 209 ซอย สุขุมวิท 21 แขวงคลองเตยเหนือ เขตวัฒนา กรุงเทพมหานคร 10110., กรุงเทพมหานคร","บริษัท หลักทรัพย์ เกียรตินาคินภัทร จำกัด (มหาชน) - KIATNAKIN PHATRA SECURITIES PUBLIC COMPANY LIMITED, บล.เกียรตินาคินภัทร 209 ซอย สุขุมวิท 21 แขวงคลองเตยเหนือ เขตวัฒนา กรุงเทพมหานคร 10110., กรุงเทพมหานคร, ประเทศไทย"
d1017eaa29ff3848,บริษัท บางจาก คอร์ปอเรชั่น จำกัด (มหาชน) - Bangchak Corporation Public Company Limited,"2098 อาคารเอ็ม ทาวเวอร์ ชั้น 8 ถนนสุขุมวิท แขวงพระโขนงใต้ เขตพระโขนง กรุงเทพฯ 10260, กรุงเทพมหานคร","บริษัท บางจาก คอร์ปอเรชั่น จำกัด (มหาชน) - Bangchak Corporation Public Company Limited, 2098 อาคารเอ็ม ทาวเวอร์ ชั้น 8 ถนนสุขุมวิท แขวงพระโขนงใต้ เขตพระโขนง กรุงเทพฯ 10260, กรุงเทพมหานคร, ประเทศไทย"
503138a26e814d8a,บริษัท บิ๊กซี ซูเปอร์เซ็นเตอร์ จำกัด (มหาชน) สำนักงานใหญ่ - Big C Supercenter Public Company Limited,"บริษัท บิ๊กซี ซูเปอร์เซ็นเตอร์ จำกัด (มหาชน) สำนักงานใหญ่ : 88/9 ซอยสมานฉันท์-บาร์โบส แขวงพระโขนง เขตคลองเตย กรุงเทพมหานคร 10110, กรุงเทพมหานคร","บริษัท บิ๊กซี ซูเปอร์เซ็นเตอร์ จำกัด (มหาชน) สำนักงานใหญ่ - Big C Supercenter Public Company Limited, บริษัท บิ๊กซี ซูเปอร์เซ็นเตอร์ จำกัด (มหาชน) สำนักงานใหญ่ : 88/9 ซอยสมานฉันท์-บาร์โบส แขวงพระโขนง เขตคลองเตย กรุงเทพมหานคร 10110, กรุงเทพมหานคร, ประเทศไทย"
647c9a2a7b2d3d8e,PALO IT (Thailand) Ltd. - บริษัท พาโล ไอที (ไทยแลนด์) จำกัด,"159/37 Serm-mit Tower 23rd Floor, Room, 2301 ซอย สุขุมวิท 21 แขวงคลองเตยเหนือ เขตวัฒนา กรุงเทพมหานคร 10110, กรุงเทพมหานคร","PALO IT (Thailand) Ltd. - บริษัท พาโล ไอที (ไทยแลนด์) จำกัด, 159/37 Serm-mit Tower 23rd Floor, Room, 2301 ซอย สุขุมวิท 21 แขวงคลองเตยเหนือ เขตวัฒนา กรุงเทพมหานคร 10110, กรุงเทพมหานคร, ประเทศไทย"
092d6339719ed5d7,รพ.ศิริราช - Siriraj Hospital,"เลขที่ 2 ถนนวังหลัง แขวงศิริราช เขตบางกอกน้อย กรุงเทพฯ 10700., กรุงเทพมหานคร","รพ.ศิริราช - Siriraj Hospital, เลขที่ 2 ถนนวังหลัง แขวงศิริราช เขตบางกอกน้อย กรุงเทพฯ 10700., กรุงเทพมหานคร, ประเทศไทย"
a7d8ffef15621382,บริษัท คอฟฟี่เฮาส์ ฮารุดอท จำกัด - COFFEEHOUSE HARUDOT LIMITED,"163/20 หมู่ที่ 5 ตำบลบางกะดี อำเภอเมืองปทุมธานี จ.ปทุมธานี 12000, ปทุมธานี","บริษัท คอฟฟี่เฮาส์ ฮารุดอท จำกัด - COFFEEHOUSE HARUDOT LIMITED, 163/20 หมู่ที่ 5 ตำบลบางกะดี อำเภอเมืองปทุมธานี จ.ปทุมธานี 12000, ปทุมธานี, ประเทศไทย"
7cd5f5ce61adc6b8,โรงพยาบาลวิภาวดี - Vibhavadi Medical Center Public Company Limited,"51/3 ถ.งามวงศ์วาน จตุจักร กรงเทพฯ 10900., กรุงเทพมหานคร","โรงพยาบาลวิภาวดี - Vibhavadi Medical Center Public Company Limited, 51/3 ถ.งามวงศ์วาน จตุจักร กรงเทพฯ 10900., กรุงเทพมหานคร, ประเทศไทย"
c3bcd5655584e1d9,โรงพยาบาลสมิติเวช สุขุมวิท - Samitivej Sukhumvit Hospital,"สาขาสุขุมวิท 133 ซอย 49 ถนนสุขุมวิท แขวงคลองตันเหนือ เขตวัฒนา กรุงเทพมหานคร 10110, กรุงเทพมหานคร","โรงพยาบาลสมิติเวช สุขุมวิท - Samitivej Sukhumvit Hospital, สาขาสุขุมวิท 133 ซอย 49 ถนนสุขุมวิท แขวงคลองตันเหนือ เขตวัฒนา กรุงเทพมหานคร 10110, กรุงเทพมหานคร, ประเทศไทย"
73c0401020524af4,โรงแรม ทองหล่อ สวีท - Thonglor Suites Hotel,"โรงแรม ทองหล่อ 2/7 ซ.สุขุมวิท 53, เขตวัฒนา, กรุงเทพฯ, 10110, กรุงเทพมหานคร","โรงแรม ทองหล่อ สวีท - Thonglor Suites Hotel, โรงแรม ทองหล่อ 2/7 ซ.สุขุมวิท 53, เขตวัฒนา, กรุงเทพฯ, 10110, กรุงเทพมหานคร, ประเทศไทย"
db2f6a429b346ce2,โรงแรมคอร์ทยาร์ด บาย แมริออท กรุงเทพฯ สุวรรณภูมิ แอร์พอร์ท - Courtyard by Marriott Bangkok Suvarnabhumi Airport,"599/9 ลาดกระบัง, ลาดกระบัง, ลาดกระบัง, กรุงเทพ 10520, ประเทศไทย., กรุงเทพมหานคร","โรงแรมคอร์ทยาร์ด บาย แมริออท กรุงเทพฯ สุวรรณภูมิ แอร์พอร์ท - Courtyard by Marriott Bangkok Suvarnabhumi Airport, 599/9 ลาดกระบัง, ลาดกระบัง, ลาดกระบัง, กรุงเทพ 10520, ประเทศไทย., กรุงเทพมหานคร, ประเทศไทย"
a09ac9f1a0f2ec80,สถาบันเหล็กและเหล็กกล้าแห่งประเทศไทย - Iron and Steel Institute of Thailand,"อาคารสำนักพัฒนาอุตสาหกรรมรายสาขา ชั้น 1-2. ซอยตรีมิตร ถ.พระราม 4 แขวงพระโขนง เขตคลองเตย กรุงเทพฯ 10110., กรุงเทพมหานคร","สถาบันเหล็กและเหล็กกล้าแห่งประเทศไทย - Iron and Steel Institute of Thailand, อาคารสำนักพัฒนาอุตสาหกรรมรายสาขา ชั้น 1-2. ซอยตรีมิตร ถ.พระราม 4 แขวงพระโขนง เขตคลองเตย กรุงเทพฯ 10110., กรุงเทพมหานคร, ประเทศไทย"
1e2741042e6eda75,สำนักงาน อีวาย จำกัด - EY Office Limited,"บริการทำบัญชี. ที่อยู่. 193/136-137 อาคารเลครัชดา ออฟฟิศคอมเพล็กซ์ ชั้น 33 ถนนรัชดาภิเษก แขวงคลองเตย เขตคลองเตย กรุงเทพมหานคร 10110., กรุงเทพมหานคร","สำนักงาน อีวาย จำกัด - EY Office Limited, บริการทำบัญชี. ที่อยู่. 193/136-137 อาคารเลครัชดา ออฟฟิศคอมเพล็กซ์ ชั้น 33 ถนนรัชดาภิเษก แขวงคลองเตย เขตคลองเตย กรุงเทพมหานคร 10110., กรุงเทพมหานคร, ประเทศไทย"
2ccaabca659ec9af,สำนักงานใหญ่ KTC ธนาคาร KTB,"สำนักงานใหญ่ อาคาร 1. เลขที่ 35 ถนนสุขุมวิท แขวงคลองเตยเหนือ เขตวัฒนา กรุงเทพฯ 10110., กรุงเทพมหานคร","สำนักงานใหญ่ KTC ธนาคาร KTB, สำนักงานใหญ่ อาคาร 1. เลขที่ 35 ถนนสุขุมวิท แขวงคลองเตยเหนือ เขตวัฒนา กรุงเทพฯ 10110., กรุงเทพมหานคร, ประเทศไทย"
a01b8d87fadc2859,อิเกีย IKEA/ IKANO (THAILAND) COMPANY LIMITED,"38 หมู่ที่ 6 ถนนบางนา-ตราด (กิโลเมตรที่ 8) ตำบลบางแก้ว อำเภอบางพลี จ.สมุทรปราการ 10540, สมุทรปราการ","อิเกีย IKEA/ IKANO (THAILAND) COMPANY LIMITED, 38 หมู่ที่ 6 ถนนบางนา-ตราด (กิโลเมตรที่ 8) ตำบลบางแก้ว อำเภอบางพลี จ.สมุทรปราการ 10540, สมุทรปราการ, ประเทศไทย"
938563f0f362b949,บริษัท แอมพาส อินดัสตรี จำกัด - Ampas Industries,"355 หมู่ 4 นิคมอุตสาหกรรมบางปู ถนนสุขุมวิท ตำบลแพรกษา อำเภอเมือง จังหวัดสมุทรปราการ 10280., สมุทรปราการ","บริษัท แอมพาส อินดัสตรี จำกัด - Ampas Industries, 355 หมู่ 4 นิคมอุตสาหกรรมบางปู ถนนสุขุมวิท ตำบลแพรกษา อำเภอเมือง จังหวัดสมุทรปราการ 10280., สมุทรปราการ, ประเทศไทย"
1b1e7c4fce3f2eab,บริษัท ซินเนอร์เจติค ออโต้ เพอร์ฟอร์มานซ์ จำกัด (มหาชน) - Asap Car Rental,"149 หมู่3 Thepharak Rd, Thepharak, อำเภอเมือง Samut Prakan 10270, สมุทรปราการ","บริษัท ซินเนอร์เจติค ออโต้ เพอร์ฟอร์มานซ์ จำกัด (มหาชน) - Asap Car Rental, 149 หมู่3 Thepharak Rd, Thepharak, อำเภอเมือง Samut Prakan 10270, สมุทรปราการ, ประเทศไทย"
80c6f37ac8e04fca,บริษัท ทอพ-คลาส คอนซัลแทนท์ จำกัด - TOP - CLASS CONSULTANT COMPANY LIMITED,"บริษัท ทอพ-คลาส คอนซัลแทนท์ จำกัด 204 เมืองทอง 2/3 ซอยพัฒนาการ 53. แขวงพัฒนาการ เขตสวนหลวง กรุงเทพมหานคร 10250, กรุงเทพมหานคร","บริษัท ทอพ-คลาส คอนซัลแทนท์ จำกัด - TOP - CLASS CONSULTANT COMPANY LIMITED, บริษัท ทอพ-คลาส คอนซัลแทนท์ จำกัด 204 เมืองทอง 2/3 ซอยพัฒนาการ 53. แขวงพัฒนาการ เขตสวนหลวง กรุงเทพมหานคร 10250, กรุงเทพมหานคร, ประเทศไทย"
0467b1506a291159,ธนาคารกรุงศรีอยุธยา จำกัด (มหาชน) สำนักงานใหญ่,"ธนาคารกรุงศรีอยุธยา จำกัด (มหาชน) สำนักงานใหญ่ 1222 ถนนพระรามที่ 3 แขวงบางโพงพาง เขตยานนาวา กรุงเทพฯ 10120., กรุงเทพมหานคร","ธนาคารกรุงศรีอยุธยา จำกัด (มหาชน) สำนักงานใหญ่, ธนาคารกรุงศรีอยุธยา จำกัด (มหาชน) สำนักงานใหญ่ 1222 ถนนพระรามที่ 3 แขวงบางโพงพาง เขตยานนาวา กรุงเทพฯ 10120., กรุงเทพมหานคร, ประเทศไทย"
23cfc63cada8e026,บริษัท แทน คอนซัลแทนท์ จำกัด - TAN CONSULTANT COMPANY LIMITED),"295, ชั้น 2, สี่พระยา, สี่พระยา, บางรัก, กรุงเทพมหานคร 10500., กรุงเทพมหานคร","บริษัท แทน คอนซัลแทนท์ จำกัด - TAN CONSULTANT COMPANY LIMITED), 295, ชั้น 2, สี่พระยา, สี่พระยา, บางรัก, กรุงเทพมหานคร 10500., กรุงเทพมหานคร, ประเทศไทย"
0645c941ed3639f6,บริษัท ไทยรอแยลฟรอเซนฟู๊ด จำกัด - Thai Royal Frozen Food,"119/99 หมู่ 1 ถนนวิเชียรโชฎก ตำบลท่าจีน อำเภอเมืองสมุทรสาคร จังหวัดสมุทรสาคร 74000, สมุทรสาคร","บริษัท ไทยรอแยลฟรอเซนฟู๊ด จำกัด - Thai Royal Frozen Food, 119/99 หมู่ 1 ถนนวิเชียรโชฎก ตำบลท่าจีน อำเภอเมืองสมุทรสาคร จังหวัดสมุทรสาคร 74000, สมุทรสาคร, ประเทศไทย"
38ebc6efc0db0228,บริษัท คว๊อด อิเลคทริค จำกัด - QUAD ELECTRIC COMPANY LIMITED,"566 หมู่ 4 ซอยแพรกษา12 ถนนพุทธรักษา ตำบลแพรกษา อำเภอเมืองสมุทรปราการ จังหวัดสมุทรปราการ 10280., สมุทรปราการ","บริษัท คว๊อด อิเลคทริค จำกัด - QUAD ELECTRIC COMPANY LIMITED, 566 หมู่ 4 ซอยแพรกษา12 ถนนพุทธรักษา ตำบลแพรกษา อำเภอเมืองสมุทรปราการ จังหวัดสมุทรปราการ 10280., สมุทรปราการ, ประเทศไทย"
ffb8771156fab4be,บริษัท สตรีม ไอ.ที.คอนซัลติ้ง จำกัด - stream consulting,"195 อาคารวัน แบงค็อก ทาวเวอร์ 4. ชั้นที่ 21 ยูนิต 2101-2104, 2113-2114. ถนนวิทยุ แขวงลุมพินี เขตปทุมวัน. กรุงเทพมหานคร 10330., กรุงเทพมหานคร","บริษัท สตรีม ไอ.ที.คอนซัลติ้ง จำกัด - stream consulting, 195 อาคารวัน แบงค็อก ทาวเวอร์ 4. ชั้นที่ 21 ยูนิต 2101-2104, 2113-2114. ถนนวิทยุ แขวงลุมพินี เขตปทุมวัน. กรุงเทพมหานคร 10330., กรุงเทพมหานคร, ประเทศไทย"
e95020e3237c29c6,รพ.เมืองสมุทรปู่เจ้า - MUANG SAMUT POOCHAOGENERAL HOLPITAL COMPANY LIMITED,"83/16 หมู่ 7 ถนนปู่เจ้าสมิงพราย ตำบลสำโรงกลาง อำเภอพระประแดง จังหวัดสมุทรปราการ 10130, สมุทรปราการ","รพ.เมืองสมุทรปู่เจ้า - MUANG SAMUT POOCHAOGENERAL HOLPITAL COMPANY LIMITED, 83/16 หมู่ 7 ถนนปู่เจ้าสมิงพราย ตำบลสำโรงกลาง อำเภอพระประแดง จังหวัดสมุทรปราการ 10130, สมุทรปราการ, ประเทศไทย"
92d6fdcbda3f6ff6,บริษัท ไมลอทท์ แลบบอราทอรีส์ จำกัด - Milott Laboratories,"84/55 หมู่ 11 ซ.บางปลา 2 (ธนสิทธิ์) ถ.เทพารักษ์. ตำบลบางปลา อำเภอบางพลี จังหวัดสมุทรปราการ 10540., สมุทรปราการ","บริษัท ไมลอทท์ แลบบอราทอรีส์ จำกัด - Milott Laboratories, 84/55 หมู่ 11 ซ.บางปลา 2 (ธนสิทธิ์) ถ.เทพารักษ์. ตำบลบางปลา อำเภอบางพลี จังหวัดสมุทรปราการ 10540., สมุทรปราการ, ประเทศไทย"
1a813f9a7b6cdb0c,บริษัท ไทยโพลิเมอร์ ซัพพลาย จำกัด - THAI POLYMER SUPPLY COMPANY LIMITED,"406 สุขุมวิท55 (ทองหล่อ) คลองตันเหนือ เขตวัฒนา กรุงเทพฯ 10110., กรุงเทพมหานคร","บริษัท ไทยโพลิเมอร์ ซัพพลาย จำกัด - THAI POLYMER SUPPLY COMPANY LIMITED, 406 สุขุมวิท55 (ทองหล่อ) คลองตันเหนือ เขตวัฒนา กรุงเทพฯ 10110., กรุงเทพมหานคร, ประเทศไทย"
19cb97a18493e7d7,บริษัท แอดวานซ์ ไวร์เลส เน็ทเวอร์ค จํากัด - Advanced Wireless Network Company Limited,"อาคาร เอไอเอส 1 เลขที่ 414 ถนนพหลโยธิน แขวงสามเสนใน เขตพญาไท กรุงเทพเทพมหานคร 10400., กรุงเทพมหานคร","บริษัท แอดวานซ์ ไวร์เลส เน็ทเวอร์ค จํากัด - Advanced Wireless Network Company Limited, อาคาร เอไอเอส 1 เลขที่ 414 ถนนพหลโยธิน แขวงสามเสนใน เขตพญาไท กรุงเทพเทพมหานคร 10400., กรุงเทพมหานคร, ประเทศไทย"
8aeb7cd6c41075d3,บริษัท ไมลอทท์ แลบบอราทอรีส์ จำกัด - Milott Laboratories,"แผนที่ 84/55 หมู่ที่ 11 ถนนเทพารักษ์ ตำบลบางปลา อำเภอบางพลี จ.สมุทรปราการ 10540, สมุทรปราการ","บริษัท ไมลอทท์ แลบบอราทอรีส์ จำกัด - Milott Laboratories, แผนที่ 84/55 หมู่ที่ 11 ถนนเทพารักษ์ ตำบลบางปลา อำเภอบางพลี จ.สมุทรปราการ 10540, สมุทรปราการ, ประเทศไทย"
6d9b414d5b9d76af,โรงเรียนอัสสัมชัญ สมุทรปราการ - Assumption College Samutprakarn,"419/1389 หมู่ 5 ซอยทิพวัล 30 ถนนเทพารักษ์ ตำบลเทพารักษ์ อำเภอเมืองสมุทรปราการ จังหวัดสมุทรปราการ 10270., สมุทรปราการ","โรงเรียนอัสสัมชัญ สมุทรปราการ - Assumption College Samutprakarn, 419/1389 หมู่ 5 ซอยทิพวัล 30 ถนนเทพารักษ์ ตำบลเทพารักษ์ อำเภอเมืองสมุทรปราการ จังหวัดสมุทรปราการ 10270., สมุทรปราการ, ประเทศไทย"
a158daefe13821ff,บริษัท ไทยออยล์ จำกัด (มหาชน) - THAI OIL PUBLIC COMPANY LIMITED,"42/1 หมู่ที่ 1 ถนนสุขุมวิท กิโลเมตรที่ 124 ตำบลทุ่งสุขลา อำเภอศรีราชา จังหวัดชลบุรี 20230., ชลบุรี","บริษัท ไทยออยล์ จำกัด (มหาชน) - THAI OIL PUBLIC COMPANY LIMITED, 42/1 หมู่ที่ 1 ถนนสุขุมวิท กิโลเมตรที่ 124 ตำบลทุ่งสุขลา อำเภอศรีราชา จังหวัดชลบุรี 20230., ชลบุรี, ประเทศไทย"
1100d39343994907,มิตซูบิชิ มอเตอร์ส ประเทศไทย (สำนักงานใหญ่) - MITSUBISHI MOTORS (THAILAND),"เอฟวายไอ เซ็นเตอร์ อาคาร 1 ชั้น 9 เลขที่ 2525 ถนนพระราม 4 แขวงคลองเตย เขตคลองเตย, 10110, กรุงเทพมหานคร, กรุงเทพมหานคร","มิตซูบิชิ มอเตอร์ส ประเทศไทย (สำนักงานใหญ่) - MITSUBISHI MOTORS (THAILAND), เอฟวายไอ เซ็นเตอร์ อาคาร 1 ชั้น 9 เลขที่ 2525 ถนนพระราม 4 แขวงคลองเตย เขตคลองเตย, 10110, กรุงเทพมหานคร, กรุงเทพมหานคร, ประเทศไทย"
b51bcbbffd4cc0a2,บริษัท ซิเลซติกา (ประเทศไทย) จำกัด - Celestica (Thailand) Limited,"49/18 นิคมอุตสาหกรรมแหลมฉบัง หมู่ที่ 5 ตำบลทุ่งสุขลา อำเภอศรีราชา จ.ชลบุรี 20230., ชลบุรี","บริษัท ซิเลซติกา (ประเทศไทย) จำกัด - Celestica (Thailand) Limited, 49/18 นิคมอุตสาหกรรมแหลมฉบัง หมู่ที่ 5 ตำบลทุ่งสุขลา อำเภอศรีราชา จ.ชลบุรี 20230., ชลบุรี, ประเทศไทย"
18c2f6aa9e9d352a,"FABRINET CO.,LTD บริษัท ฟาบริเนท จำกัด","5/6 หมู่6 ถนนพหลโยธิน ตำบลคลองหนึ่ง อำเภอคลองหลวง จังหวัดปทุมธานี 12120, ปทุมธานี","FABRINET CO.,LTD บริษัท ฟาบริเนท จำกัด, 5/6 หมู่6 ถนนพหลโยธิน ตำบลคลองหนึ่ง อำเภอคลองหลวง จังหวัดปทุมธานี 12120, ปทุมธานี, ประเทศไทย"
f60512e494354f7f,โรงพยาบาลสมเด็จพระบรมราชเทวี ณ ศรีราชา - Queen Savang Vadhana Memorial Hospital,"290 ถนนเจิมจอมพล ตำบลศรีราชา อำเภอศรีราชา จังหวัดชลบุรี 20110, ชลบุรี","โรงพยาบาลสมเด็จพระบรมราชเทวี ณ ศรีราชา - Queen Savang Vadhana Memorial Hospital, 290 ถนนเจิมจอมพล ตำบลศรีราชา อำเภอศรีราชา จังหวัดชลบุรี 20110, ชลบุรี, ประเทศไทย"
63728abfa7793a81,โรงพยาบาลสมิติเวช ศรีราชา - Samitivej Sriracha Hospital,"8 ซอย แหลมเกตุ ถนน เจิมจอมพล ตำบลศรีราชา อำเภอศรีราชา จังหวัดชลบุรี 20110, ชลบุรี","โรงพยาบาลสมิติเวช ศรีราชา - Samitivej Sriracha Hospital, 8 ซอย แหลมเกตุ ถนน เจิมจอมพล ตำบลศรีราชา อำเภอศรีราชา จังหวัดชลบุรี 20110, ชลบุรี, ประเทศไทย"
8606494c25ae1007,"FUJITSU GENERAL (THAILAND) CO., LTD นิคมอุตสาหกรรมแหลมฉบัง","นิคมอุตสาหกรรมแหลมฉบัง 92/9 หมู่ที่ 2 ตำบล ทุ่งสุขลา อำเภอศรีราชา ชลบุรี 20230, ชลบุรี","FUJITSU GENERAL (THAILAND) CO., LTD นิคมอุตสาหกรรมแหลมฉบัง, นิคมอุตสาหกรรมแหลมฉบัง 92/9 หมู่ที่ 2 ตำบล ทุ่งสุขลา อำเภอศรีราชา ชลบุรี 20230, ชลบุรี, ประเทศไทย"
f8ac8c692a1f9f1a,บริษัท ไออาร์พีซี จำกัด (มหาชน),"299 หมู่ 5 ถนนสุขุมวิท ตำบลเชิงเนิน อำเภอเมืองระยอง จังหวัดระยอง 21000, ระยอง","บริษัท ไออาร์พีซี จำกัด (มหาชน), 299 หมู่ 5 ถนนสุขุมวิท ตำบลเชิงเนิน อำเภอเมืองระยอง จังหวัดระยอง 21000, ระยอง, ประเทศไทย"
03f79f3dc4689c78,บริษัท พีทีที โกลบอล เคมิคอล จำกัด (มหาชน) - PTT Global Chemical (PTTGC),"เลขที่ 9-9/1 ซอยจี 12 ถนนปกรณ์สงเคราะห์ราษฏร์ ตำบลมาบตาพุด อำเภอเมืองระยอง จังหวัดระยอง 21150, ระยอง","บริษัท พีทีที โกลบอล เคมิคอล จำกัด (มหาชน) - PTT Global Chemical (PTTGC), เลขที่ 9-9/1 ซอยจี 12 ถนนปกรณ์สงเคราะห์ราษฏร์ ตำบลมาบตาพุด อำเภอเมืองระยอง จังหวัดระยอง 21150, ระยอง, ประเทศไทย"
8993059665f35a8f,"บริษัท ซูมิโตโม รับเบอร์ (ไทยแลนด์) จำกัด Sumitomo Rubber (Thailand) Co., Ltd.","7/232 หมู่ 6 ซอยพรประภา (นิคมอุตสาหกรรมอมตะซิตี้) ตำบลมาบยางพร อำเภอปลวกแดง จังหวัดระยอง 21140, ระยอง","บริษัท ซูมิโตโม รับเบอร์ (ไทยแลนด์) จำกัด Sumitomo Rubber (Thailand) Co., Ltd., 7/232 หมู่ 6 ซอยพรประภา (นิคมอุตสาหกรรมอมตะซิตี้) ตำบลมาบยางพร อำเภอปลวกแดง จังหวัดระยอง 21140, ระยอง, ประเทศไทย"
6316d3409c95f29c,เบทาโกรทาวเวอร์ (นอร์ธปาร์ค),"ถนนวิภาวดีรังสิต แขวงทุ่งสองห้อง เขตหลักสี่ กรุงเทพฯ 10210, กรุงเทพมหานคร","เบทาโกรทาวเวอร์ (นอร์ธปาร์ค), ถนนวิภาวดีรังสิต แขวงทุ่งสองห้อง เขตหลักสี่ กรุงเทพฯ 10210, กรุงเทพมหานคร, ประเทศไทย"
37e6a977b4380e4c,มหาวิทยาลัยรังสิต,"สำนักงานบุคคล มหาวิทยาลัยรังสิต อาคารอาทิตย์ อุไรรัตน์ (อาคาร 1) ชั้น 2 ห้อง 204. 52/347 ถนนพหลโยธิน ตำบลหลักหก อำเภอเมืองปทุมธานี จังหวัดปทุมธานี 12000, ปทุมธานี","มหาวิทยาลัยรังสิต, สำนักงานบุคคล มหาวิทยาลัยรังสิต อาคารอาทิตย์ อุไรรัตน์ (อาคาร 1) ชั้น 2 ห้อง 204. 52/347 ถนนพหลโยธิน ตำบลหลักหก อำเภอเมืองปทุมธานี จังหวัดปทุมธานี 12000, ปทุมธานี, ประเทศไทย"
a2e8690edb525f5b,บริษัท ดูโฮม จำกัด (มหาชน) (Dohome Public Company Limited),"สำนักงานใหญ่แห่งใหม่ที่ เลขที่ 88/111 หมู่ที่ 3 ตำบลบางพูน อำเภอเมืองปทุมธานี จังหวัดปทุมธานี 12000, ปทุมธานี","บริษัท ดูโฮม จำกัด (มหาชน) (Dohome Public Company Limited), สำนักงานใหญ่แห่งใหม่ที่ เลขที่ 88/111 หมู่ที่ 3 ตำบลบางพูน อำเภอเมืองปทุมธานี จังหวัดปทุมธานี 12000, ปทุมธานี, ประเทศไทย"
88c7ba31cbea6a03,บริษัท ท่าอากาศยานไทย จำกัด (มหาชน) (AOT) Airports of Thailand Public Company Limited,"ที่อยู่, 333 ถนนเชิดวุฒากาศ แขวงสีกัน เขตดอนเมือง กรุงเทพฯ 10210., กรุงเทพมหานคร","บริษัท ท่าอากาศยานไทย จำกัด (มหาชน) (AOT) Airports of Thailand Public Company Limited, ที่อยู่, 333 ถนนเชิดวุฒากาศ แขวงสีกัน เขตดอนเมือง กรุงเทพฯ 10210., กรุงเทพมหานคร, ประเทศไทย"
635a0c287f972e26,บริษัท ปูนซิเมนต์ไทย จำกัด (มหาชน) - The Siam Cement Public Company Limited (SCG),"1 ถ. ปูนซีเมนต์ไทย แขวงบางซื่อ บางซื่อ กรุงเทพมหานคร 10800, กรุงเทพมหานคร","บริษัท ปูนซิเมนต์ไทย จำกัด (มหาชน) - The Siam Cement Public Company Limited (SCG), 1 ถ. ปูนซีเมนต์ไทย แขวงบางซื่อ บางซื่อ กรุงเทพมหานคร 10800, กรุงเทพมหานคร, ประเทศไทย"
4a6eda01a0f0155d,บริษัท การบินไทย จำกัด (มหาชน) (Thai Airways International Public Company Limited),"89 สำนักงานใหญ่ การบินไทย ถนนวิภาวดีรังสิต เขตจตุจักร กรุงเทพฯ 10900, กรุงเทพมหานคร","บริษัท การบินไทย จำกัด (มหาชน) (Thai Airways International Public Company Limited), 89 สำนักงานใหญ่ การบินไทย ถนนวิภาวดีรังสิต เขตจตุจักร กรุงเทพฯ 10900, กรุงเทพมหานคร, ประเทศไทย"
e1648a1f7134be32,บริษัท ไทยเพรซิเดนท์ฟูดส์ จำกัด (มหาชน) - Thai President Foods Public Company Limited (TFMAMA),"304 อาคารทีเอฟ ถนนศรีนครินทร์ แขวงหัวหมาก เขตบางกะปิ กรุงเทพฯ 10240, กรุงเทพมหานคร","บริษัท ไทยเพรซิเดนท์ฟูดส์ จำกัด (มหาชน) - Thai President Foods Public Company Limited (TFMAMA), 304 อาคารทีเอฟ ถนนศรีนครินทร์ แขวงหัวหมาก เขตบางกะปิ กรุงเทพฯ 10240, กรุงเทพมหานคร, ประเทศไทย"
afd6e38f6ecb33db,บริษัท อินฟินิท เรียลเอสเตท จำกัด INFINITE REAL ESTATE COMPANY LIMITED,"เลขที่ 193/91 อาคารเลครัชดา ออฟฟิส คอมเพล็กซ์ ชั้น 21 ซอย - ถนน รัชดาภิเษก แขวง คลองเตย เขต คลองเตย กรุงเทพมหานคร 10110, กรุงเทพมหานคร","บริษัท อินฟินิท เรียลเอสเตท จำกัด INFINITE REAL ESTATE COMPANY LIMITED, เลขที่ 193/91 อาคารเลครัชดา ออฟฟิส คอมเพล็กซ์ ชั้น 21 ซอย - ถนน รัชดาภิเษก แขวง คลองเตย เขต คลองเตย กรุงเทพมหานคร 10110, กรุงเทพมหานคร, ประเทศไทย"
c29a9c4d04c54541,"บริษัท ไทยแอร์เอเชีย จำกัด (Thai AirAsia Co., Ltd.)","ท่าอากาศยานดอนเมือง เลขที่ 222 อาคารส่วนกลาง ชั้น 3 ห้อง 3200 ถนนวิภาวดีรังสิต แขวงสนามบิน เขตดอนเมือง กรุงเทพมหานคร 10210, กรุงเทพมหานคร","บริษัท ไทยแอร์เอเชีย จำกัด (Thai AirAsia Co., Ltd.), ท่าอากาศยานดอนเมือง เลขที่ 222 อาคารส่วนกลาง ชั้น 3 ห้อง 3200 ถนนวิภาวดีรังสิต แขวงสนามบิน เขตดอนเมือง กรุงเทพมหานคร 10210, กรุงเทพมหานคร, ประเทศไทย"
c42b99d5979c5995,บริษัท เอเชีย เอวิเอชั่น จำกัด (มหาชน) (AAV),กรุงเทพมหานคร,"บริษัท เอเชีย เอวิเอชั่น จำกัด (มหาชน) (AAV), กรุงเทพมหานคร, ประเทศไทย"
ebc6fdb80aa0b126,บริษัท เฟล็กซิเมคซ์ จำกัด (FLEXXIMEX COMPANY LIMITED),"ตั้งอยู่ที่ 5/145 ซอยพระยาสุเรนทร์ 24 ถนนพระยาสุเรนทร์ แขวงบางชัน เขตคลองสามวา กรุงเทพมหานคร 10510, กรุงเทพมหานคร","บริษัท เฟล็กซิเมคซ์ จำกัด (FLEXXIMEX COMPANY LIMITED), ตั้งอยู่ที่ 5/145 ซอยพระยาสุเรนทร์ 24 ถนนพระยาสุเรนทร์ แขวงบางชัน เขตคลองสามวา กรุงเทพมหานคร 10510, กรุงเทพมหานคร, ประเทศไทย"
d1630bfd7fd56912,"บริษัท เชฟรอนประเทศไทยสํารวจและผลิต จํากัด. Chevron Thailand Exploration and Production, Ltd.","19 ไทยพาณิชย์ปาร์ค พลาซ่า อาคาร3 ถนนรัชดาภิเษก แขวงจตุจักร. เขตจตุจักร กรุงเทพมหานคร 10900, กรุงเทพมหานคร","บริษัท เชฟรอนประเทศไทยสํารวจและผลิต จํากัด. Chevron Thailand Exploration and Production, Ltd., 19 ไทยพาณิชย์ปาร์ค พลาซ่า อาคาร3 ถนนรัชดาภิเษก แขวงจตุจักร. เขตจตุจักร กรุงเทพมหานคร 10900, กรุงเทพมหานคร, ประเทศไทย"
a95a8fef134d8c83,บริษัท เบ็นไมเยอร์ อกริแคร์ (ไทยแลนด์) จำกัด Behn Meyer Agricare (Thailand) Company Limited,"ตั้งอยู่เลขที่ 70/1 ถนนเลียบคลองมอญ แขวงทับยาว เขตลาดกระบัง กรุงเทพมหานคร 10520, กรุงเทพมหานคร","บริษัท เบ็นไมเยอร์ อกริแคร์ (ไทยแลนด์) จำกัด Behn Meyer Agricare (Thailand) Company Limited, ตั้งอยู่เลขที่ 70/1 ถนนเลียบคลองมอญ แขวงทับยาว เขตลาดกระบัง กรุงเทพมหานคร 10520, กรุงเทพมหานคร, ประเทศไทย"
b116c3047ac34a1c,บจก. ฮีโน่มอเตอร์ส แมนูแฟคเจอริ่ง (ประเทศไทย),"สำนักงานใหญ่ และ โรงงานสำโรง 99 หมู่ 3 ถนนเทพารักษ์, กรุงเทพมหานคร","บจก. ฮีโน่มอเตอร์ส แมนูแฟคเจอริ่ง (ประเทศไทย), สำนักงานใหญ่ และ โรงงานสำโรง 99 หมู่ 3 ถนนเทพารักษ์, กรุงเทพมหานคร, ประเทศไทย"
6eed251eaa07f034,Cleanedge Resources Ltd บริษัท คลีนเอดจ์ รีซอร์สเซส จำกัด,"เลขที่ 54/1 ซอยรามคำแหง 9 (ธารารมณ์) แขวงพลับพลา เขตวังทองหลาง กรุงเทพมหานคร 10310, กรุงเทพมหานคร","Cleanedge Resources Ltd บริษัท คลีนเอดจ์ รีซอร์สเซส จำกัด, เลขที่ 54/1 ซอยรามคำแหง 9 (ธารารมณ์) แขวงพลับพลา เขตวังทองหลาง กรุงเทพมหานคร 10310, กรุงเทพมหานคร, ประเทศไทย"
dae16e894802e49e,บริษัท ซัคเซสมอร์ บีอิ้งค์ จำกัด (มหาชน),"สำนักงานใหญ่ 10/1-2 ถ.รัชดาภิเษก แขวงจตุจักร เขตจตุจักร กทม. 10900, กรุงเทพมหานคร","บริษัท ซัคเซสมอร์ บีอิ้งค์ จำกัด (มหาชน), สำนักงานใหญ่ 10/1-2 ถ.รัชดาภิเษก แขวงจตุจักร เขตจตุจักร กทม. 10900, กรุงเทพมหานคร, ประเทศไทย"
8ac19f68996e15a6,บริษัท เวทโปรดักส์ กรุ๊ป (Vet Products Group),"3300/121-124 ตึกช้าง อาคาร B ชั้น24 ถ.พหลโยธิน แขวงจอมพล เขตจตุจักร กทม. 10900, กรุงเทพมหานคร","บริษัท เวทโปรดักส์ กรุ๊ป (Vet Products Group), 3300/121-124 ตึกช้าง อาคาร B ชั้น24 ถ.พหลโยธิน แขวงจอมพล เขตจตุจักร กทม. 10900, กรุงเทพมหานคร, ประเทศไทย"
209b1b950302aea7,IDEO EMPOWERMENT (บริษัท ไอดีโอ้ เอ็มพาวเวอร์เมนท์)เป็นสถาบันและบริษัทพัฒนาทักษะองค์กร (Soft & Hard Skills),"เลขที่ 16/110 หมู่ที่ 5 ตำบลศาลากลาง อำเภอบางกรวย จังหวัดนนทบุรี 11130, นนทบุรี","IDEO EMPOWERMENT (บริษัท ไอดีโอ้ เอ็มพาวเวอร์เมนท์)เป็นสถาบันและบริษัทพัฒนาทักษะองค์กร (Soft & Hard Skills), เลขที่ 16/110 หมู่ที่ 5 ตำบลศาลากลาง อำเภอบางกรวย จังหวัดนนทบุรี 11130, นนทบุรี, ประเทศไทย"
812e84c51459991d,บริษัท พลัสซีทีฟ จำกัด (Plusitives),"139 อาคารเศรษฐีวรรณ ทาวเวอร์ ชั้น 4 ถนนปั้น แขวงสีลม เขตบางรัก กรุงเทพมหานคร 10500, กรุงเทพมหานคร","บริษัท พลัสซีทีฟ จำกัด (Plusitives), 139 อาคารเศรษฐีวรรณ ทาวเวอร์ ชั้น 4 ถนนปั้น แขวงสีลม เขตบางรัก กรุงเทพมหานคร 10500, กรุงเทพมหานคร, ประเทศไทย"
9705658935dc3872,บริษัท ชวนยิ้ม จำกัด,"ตั้งอยู่ที่ 100/21 หมู่บ้านเดอะคัลเลอร์ส รังสิต-คลอง 4 หมู่ที่ 6 ตำบลลาดสวาย อำเภอลำลูกกา จังหวัดปทุมธานี 12150, ปทุมธานี","บริษัท ชวนยิ้ม จำกัด, ตั้งอยู่ที่ 100/21 หมู่บ้านเดอะคัลเลอร์ส รังสิต-คลอง 4 หมู่ที่ 6 ตำบลลาดสวาย อำเภอลำลูกกา จังหวัดปทุมธานี 12150, ปทุมธานี, ประเทศไทย"
5a665986d6b011ed,บริษัท นารายณ์ ฮอสพิทาลิตี้ แมเนจเมนท์ จำกัด,"สำนักงานใหญ่ตั้งอยู่เลขที่ 222 ถนนสีลม แขวงสุริยวงศ์ เขตบางรัก กรุงเทพมหานคร 10500, กรุงเทพมหานคร","บริษัท นารายณ์ ฮอสพิทาลิตี้ แมเนจเมนท์ จำกัด, สำนักงานใหญ่ตั้งอยู่เลขที่ 222 ถนนสีลม แขวงสุริยวงศ์ เขตบางรัก กรุงเทพมหานคร 10500, กรุงเทพมหานคร, ประเทศไทย"
c6df231baab0cebb,บริษัท ดอยคำผลิตภัณฑ์อาหาร จำกัด,"ตั้งอยู่เลขที่ 117/1 ถนนพญาไท แขวงถนนเพชรบุรี เขตราชเทวี กรุงเทพมหานคร 10400, กรุงเทพมหานคร","บริษัท ดอยคำผลิตภัณฑ์อาหาร จำกัด, ตั้งอยู่เลขที่ 117/1 ถนนพญาไท แขวงถนนเพชรบุรี เขตราชเทวี กรุงเทพมหานคร 10400, กรุงเทพมหานคร, ประเทศไทย"
1ce00c8c976cee67,บริษัท แอมโก้เวท จำกัด (Amcovet),"เลขที่ 2 ถนนมอเตอร์เวย์ แขวงประเวศ เขตประเวศ กรุงเทพมหานคร 10250, กรุงเทพมหานคร","บริษัท แอมโก้เวท จำกัด (Amcovet), เลขที่ 2 ถนนมอเตอร์เวย์ แขวงประเวศ เขตประเวศ กรุงเทพมหานคร 10250, กรุงเทพมหานคร, ประเทศไทย"
2aa3bc5c016edce2,"บริษัท ชุน บ็อก จำกัด (Chunbok Co., Ltd.)","ตั้งอยู่ที่ เลขที่ 8 ซอยหัวหมาก 7 แขวงหัวหมาก เขตบางกะปิ กรุงเทพมหานคร 10240, กรุงเทพมหานคร","บริษัท ชุน บ็อก จำกัด (Chunbok Co., Ltd.), ตั้งอยู่ที่ เลขที่ 8 ซอยหัวหมาก 7 แขวงหัวหมาก เขตบางกะปิ กรุงเทพมหานคร 10240, กรุงเทพมหานคร, ประเทศไทย"
c2250b7e641142b1,บริษัท เอจีซี แฟลทกลาส (ประเทศไทย) จำกัด (มหาชน),"ที่อยู่: 200 หมู่ 1 ถนนสุขสวัสดิ์ ตำบลปากคลองบางปลากด อำเภอพระสมุทรเจดีย์ จังหวัดสมุทรปราการ 10290, สมุทรปราการ","บริษัท เอจีซี แฟลทกลาส (ประเทศไทย) จำกัด (มหาชน), ที่อยู่: 200 หมู่ 1 ถนนสุขสวัสดิ์ ตำบลปากคลองบางปลากด อำเภอพระสมุทรเจดีย์ จังหวัดสมุทรปราการ 10290, สมุทรปราการ, ประเทศไทย"
fe0ac016c52d8e02,บริษัท บีกริม เพาเวอร์ จำกัด,"5 อาคาร ดร. เกฮาร์ด ลิงค์ ถนนกรุงเทพกรีฑา แขวงหัวหมาก เขตบางกะปิ กรุงเทพฯ 10240 ประเทศไทย, กรุงเทพมหานคร","บริษัท บีกริม เพาเวอร์ จำกัด, 5 อาคาร ดร. เกฮาร์ด ลิงค์ ถนนกรุงเทพกรีฑา แขวงหัวหมาก เขตบางกะปิ กรุงเทพฯ 10240 ประเทศไทย, กรุงเทพมหานคร, ประเทศไทย"
fa2e869d0e47fe53,สำนักงานคณะกรรมการการอาชีวศึกษา (สอศ.),"ตั้งอยู่เลขที่ 319 (วังจันทรเกษม) ถนนราชดำเนินนอก แขวงดุสิต เขตดุสิต กรุงเทพมหานคร 10300, กรุงเทพมหานคร","สำนักงานคณะกรรมการการอาชีวศึกษา (สอศ.), ตั้งอยู่เลขที่ 319 (วังจันทรเกษม) ถนนราชดำเนินนอก แขวงดุสิต เขตดุสิต กรุงเทพมหานคร 10300, กรุงเทพมหานคร, ประเทศไทย"
baf8680149a8621e,บริษัท จัดหางาน ทาเลนท์วิส (ไทยแลนด์) จำกัด (Talentvis),"399 อาคารอินเตอร์เชนจ์ 21 ชั้น 21 ถนนสุขุมวิท แขวงคลองเตยเหนือ เขตวัฒนา กรุงเทพมหานคร 10110, กรุงเทพมหานคร","บริษัท จัดหางาน ทาเลนท์วิส (ไทยแลนด์) จำกัด (Talentvis), 399 อาคารอินเตอร์เชนจ์ 21 ชั้น 21 ถนนสุขุมวิท แขวงคลองเตยเหนือ เขตวัฒนา กรุงเทพมหานคร 10110, กรุงเทพมหานคร, ประเทศไทย"
6a8b0e86f0aff37a,บริษัท มาร์เก็ตติ้งโก เอเชีย,"159 อาคารเสริมมิตร ชั้น 18 ถนนสุขุมวิท 21 (อโศก) แขวงคลองเตยเหนือ เขตวัฒนา กรุงเทพมหานคร 10110, กรุงเทพมหานคร","บริษัท มาร์เก็ตติ้งโก เอเชีย, 159 อาคารเสริมมิตร ชั้น 18 ถนนสุขุมวิท 21 (อโศก) แขวงคลองเตยเหนือ เขตวัฒนา กรุงเทพมหานคร 10110, กรุงเทพมหานคร, ประเทศไทย"
00633fb3341bbf57,บริษัท เค.เอ็ม. แพ็กเกจจิ้ง จำกัด (มหาชน) (K.M. Packaging PCL.),"เลขที่ 99/99 หมู่ที่ 11 ตำบลบางเสาธง อำเภอบางเสาธง จังหวัดสมุทรปราการ 10570, สมุทรปราการ","บริษัท เค.เอ็ม. แพ็กเกจจิ้ง จำกัด (มหาชน) (K.M. Packaging PCL.), เลขที่ 99/99 หมู่ที่ 11 ตำบลบางเสาธง อำเภอบางเสาธง จังหวัดสมุทรปราการ 10570, สมุทรปราการ, ประเทศไทย"
14feeacd3009d6be,บริษัท แกรนด์ เรสซิเดนซ์ อินเตอร์เนชั่นแนล จำกัด,"1 อาคารไฮแอท รีเจนซี่ กรุงเทพ สุขุมวิท ซอยสุขุมวิท 13 ถนนสุขุมวิท แขวงคลองเตยเหนือ เขตวัฒนา กรุงเทพมหานคร 10110, กรุงเทพมหานคร","บริษัท แกรนด์ เรสซิเดนซ์ อินเตอร์เนชั่นแนล จำกัด, 1 อาคารไฮแอท รีเจนซี่ กรุงเทพ สุขุมวิท ซอยสุขุมวิท 13 ถนนสุขุมวิท แขวงคลองเตยเหนือ เขตวัฒนา กรุงเทพมหานคร 10110, กรุงเทพมหานคร, ประเทศไทย"
0994910006b71229,บริษัท สุพรีม ดิสทิบิวชั่น จำกัด (มหาชน),"2/1 ซอยประดิษฐ์มนูธรรม 5 ถนนประดิษฐ์มนูธรรม แขวงท่าแร้ง เขตบางเขน กรุงเทพมหานคร 10230, กรุงเทพมหานคร","บริษัท สุพรีม ดิสทิบิวชั่น จำกัด (มหาชน), 2/1 ซอยประดิษฐ์มนูธรรม 5 ถนนประดิษฐ์มนูธรรม แขวงท่าแร้ง เขตบางเขน กรุงเทพมหานคร 10230, กรุงเทพมหานคร, ประเทศไทย"
cfe03d8075abca34,โรงแรมเพนนินซูล่า กรุงเทพฯ (The Peninsula Bangkok),"ตั้งอยู่ริมแม่น้ำเจ้าพระยา ฝั่งถนนเจริญนคร 333 ถนนเจริญนคร แขวงคลองต้นไทร เขตคลองสาน กรุงเทพมหานคร 10600, กรุงเทพมหานคร","โรงแรมเพนนินซูล่า กรุงเทพฯ (The Peninsula Bangkok), ตั้งอยู่ริมแม่น้ำเจ้าพระยา ฝั่งถนนเจริญนคร 333 ถนนเจริญนคร แขวงคลองต้นไทร เขตคลองสาน กรุงเทพมหานคร 10600, กรุงเทพมหานคร, ประเทศไทย"
119599a204fdaff3,บริษัท กรุงไทยพานิชประกันภัย จำกัด (มหาชน) หรือ KPI,"1122 อาคารเคพีไอทาวเวอร์ ถนนเพชรบุรีตัดใหม่ แขวงมักกะสัน เขตราชเทวี กรุงเทพมหานคร 10400, กรุงเทพมหานคร","บริษัท กรุงไทยพานิชประกันภัย จำกัด (มหาชน) หรือ KPI, 1122 อาคารเคพีไอทาวเวอร์ ถนนเพชรบุรีตัดใหม่ แขวงมักกะสัน เขตราชเทวี กรุงเทพมหานคร 10400, กรุงเทพมหานคร, ประเทศไทย"
402b861f2212a20e,บริษัท บิทไว้ส์ (ประเทศไทย) จำกัด,"ตั้งอยู่เลขที่ 25/12 หมู่ที่ 20 ถนนเทพารักษ์ (กม. 12) ตำบลบางพลีใหญ่ อำเภอบางพลี จังหวัดสมุทรปราการ 10540, สมุทรปราการ","บริษัท บิทไว้ส์ (ประเทศไทย) จำกัด, ตั้งอยู่เลขที่ 25/12 หมู่ที่ 20 ถนนเทพารักษ์ (กม. 12) ตำบลบางพลีใหญ่ อำเภอบางพลี จังหวัดสมุทรปราการ 10540, สมุทรปราการ, ประเทศไทย"
0618055c1aa1700e,โรงพยาบาลกรุงเทพ (สำนักงานใหญ่),"ตั้งอยู่เลขที่ 2 ซอยศูนย์วิจัย 7 ถนนเพชรบุรีตัดใหม่ แขวงบางกะปิ เขตห้วยขวาง กรุงเทพมหานคร 10310, กรุงเทพมหานคร","โรงพยาบาลกรุงเทพ (สำนักงานใหญ่), ตั้งอยู่เลขที่ 2 ซอยศูนย์วิจัย 7 ถนนเพชรบุรีตัดใหม่ แขวงบางกะปิ เขตห้วยขวาง กรุงเทพมหานคร 10310, กรุงเทพมหานคร, ประเทศไทย"
abfddbc563093285,,2/1 ซอยประดิษฐ์มนูธรรม 5 ถนนประดิษฐ์มนูธรรม แขวงท่าแร้ง เขตบางเขน กรุงเทพมหานคร 10230,"2/1 ซอยประดิษฐ์มนูธรรม 5 ถนนประดิษฐ์มนูธรรม แขวงท่าแร้ง เขตบางเขน กรุงเทพมหานคร 10230, ประเทศไทย"
e3b9f2cdcf50856c,⁠บริษัท เดลต้า อีเลคโทรนิคส์ (ประเทศไทย) จำกัด (มหาชน),"909 ซอย 9 หมู่ 4 นิคมอุตสาหกรรมบางปู ตำบลแพรกษา อำเภอเมืองสมุทรปราการ จังหวัดสมุทรปราการ 10280, สมุทรปราการ","⁠บริษัท เดลต้า อีเลคโทรนิคส์ (ประเทศไทย) จำกัด (มหาชน), 909 ซอย 9 หมู่ 4 นิคมอุตสาหกรรมบางปู ตำบลแพรกษา อำเภอเมืองสมุทรปราการ จังหวัดสมุทรปราการ 10280, สมุทรปราการ, ประเทศไทย"
33f995f77acb1990,โรงเรียนชุมชนหมู่บ้านพัฒนา,"160/507 ล็อค 6 แขวงคลองเตย เขตคลองเตย กทม., กรุงเทพมหานคร","โรงเรียนชุมชนหมู่บ้านพัฒนา, 160/507 ล็อค 6 แขวงคลองเตย เขตคลองเตย กทม., กรุงเทพมหานคร, ประเทศไทย"
a304d91a2ad31635,โรงเรียนวัดคลองเตย,"386 ถ.สุนทรโกษา แขวงคลองเตย เขตคลองเตย กทม., กรุงเทพมหานคร","โรงเรียนวัดคลองเตย, 386 ถ.สุนทรโกษา แขวงคลองเตย เขตคลองเตย กทม., กรุงเทพมหานคร, ประเทศไทย"
058f407d9155966a,โรงเรียนวัดสะพาน,"1730 แขวงพระโขนง เขตคลองเตย กทม., กรุงเทพมหานคร","โรงเรียนวัดสะพาน, 1730 แขวงพระโขนง เขตคลองเตย กทม., กรุงเทพมหานคร, ประเทศไทย"
97e19cf33ae0b897,โรงเรียนศูนย์รวมน้ำใจ,"133/1 ถ.อาจณรงค์ แขวงคลองเตย เขตคลองเตย กทม., กรุงเทพมหานคร","โรงเรียนศูนย์รวมน้ำใจ, 133/1 ถ.อาจณรงค์ แขวงคลองเตย เขตคลองเตย กทม., กรุงเทพมหานคร, ประเทศไทย"
c4489114424b4c85,โรงเรียนวัดเศวตฉัตร,"1223/1 ถ.เจริญนคร25 แขวงบางล้าภูล่าง เขตคลองสาน กทม., กรุงเทพมหานคร","โรงเรียนวัดเศวตฉัตร, 1223/1 ถ.เจริญนคร25 แขวงบางล้าภูล่าง เขตคลองสาน กทม., กรุงเทพมหานคร, ประเทศไทย"
0867ef767829f5cb,โรงเรียนวัดสุทธาราม,"403/1 ถ.เจริญนคร แขวงบางล้าภูล่าง เขตคลองสาน กทม., กรุงเทพมหานคร","โรงเรียนวัดสุทธาราม, 403/1 ถ.เจริญนคร แขวงบางล้าภูล่าง เขตคลองสาน กทม., กรุงเทพมหานคร, ประเทศไทย"
f142ee6658974f5c,โรงเรียนวัดทองเพลง,"135 ถ.เจริญนคร14 แขวงคลองต้นไทร เขตคลองสาน กทม., กรุงเทพมหานคร","โรงเรียนวัดทองเพลง, 135 ถ.เจริญนคร14 แขวงคลองต้นไทร เขตคลองสาน กทม., กรุงเทพมหานคร, ประเทศไทย"
43a8cdbe9ba75810,โรงเรียนวัดทองธรรมชาติ,"ถ.เชียงใหม่ แขวงคลองสาน เขตคลองสาน กทม., กรุงเทพมหานคร","โรงเรียนวัดทองธรรมชาติ, ถ.เชียงใหม่ แขวงคลองสาน เขตคลองสาน กทม., กรุงเทพมหานคร, ประเทศไทย"
1da35c36fd6e5889,โรงเรียนวัดทองนพคุณ,"4645 แขวงคลองสาน เขตคลองสาน กทม., กรุงเทพมหานคร","โรงเรียนวัดทองนพคุณ, 4645 แขวงคลองสาน เขตคลองสาน กทม., กรุงเทพมหานคร, ประเทศไทย"
e914ad71e23bcaed,โรงเรียนวัดพิชัยญาติ,"685 แขวงสมเด็จเจ้าพระยา เขตคลองสาน กทม., กรุงเทพมหานคร","โรงเรียนวัดพิชัยญาติ, 685 แขวงสมเด็จเจ้าพระยา เขตคลองสาน กทม., กรุงเทพมหานคร, ประเทศไทย"
afbd6254e74a9407,โรงเรียนวัดสุวรรณ,"27 ถ.เจริญนคร แขวงคลองต้นไทร เขตคลองสาน กทม., กรุงเทพมหานคร","โรงเรียนวัดสุวรรณ, 27 ถ.เจริญนคร แขวงคลองต้นไทร เขตคลองสาน กทม., กรุงเทพมหานคร, ประเทศไทย"
e7bc0c7c3ad8235d,โรงเรียน มัธยม วัดสุทธาราม,"196/4 ซ.เจริญนคร 46 ถ.เจริญนคร แขวงบางลําภูล่าง เขตคลองสาน กทม., กรุงเทพมหานคร","โรงเรียน มัธยม วัดสุทธาราม, 196/4 ซ.เจริญนคร 46 ถ.เจริญนคร แขวงบางลําภูล่าง เขตคลองสาน กทม., กรุงเทพมหานคร, ประเทศไทย"
9cb8daa2d58d9a31,โรงเรียนกลางคลองสอง,"35 ม. 7 แขวงสามวาตะวันตก เขตคลองสามวา กทม., กรุงเทพมหานคร","โรงเรียนกลางคลองสอง, 35 ม. 7 แขวงสามวาตะวันตก เขตคลองสามวา กทม., กรุงเทพมหานคร, ประเทศไทย"
68be5c7aade0ba69,โรงเรียนบางชัน(ปลื้มวิทยานุสรณ์),"89 ม.4 แขวงบางชัน เขตคลองสามวา กทม., กรุงเทพมหานคร","โรงเรียนบางชัน(ปลื้มวิทยานุสรณ์), 89 ม.4 แขวงบางชัน เขตคลองสามวา กทม., กรุงเทพมหานคร, ประเทศไทย"
443e823f506a9d90,โรงเรียนบ้านแบนชะโด,"45 ถ.ประชาร่วมใจ แขวงทรายกองดิน เขตคลองสามวา กทม., กรุงเทพมหานคร","โรงเรียนบ้านแบนชะโด, 45 ถ.ประชาร่วมใจ แขวงทรายกองดิน เขตคลองสามวา กทม., กรุงเทพมหานคร, ประเทศไทย"
13feabed891c0c8a,โรงเรียนบ้านหนองระแหง (ชมแสงประชานุกูล),"12 ม.10 แขวงสามวาตะวันตก เขตคลองสามวา กทม., กรุงเทพมหานคร","โรงเรียนบ้านหนองระแหง (ชมแสงประชานุกูล), 12 ม.10 แขวงสามวาตะวันตก เขตคลองสามวา กทม., กรุงเทพมหานคร, ประเทศไทย"
3eabf3856bb1bd78,โรงเรียนประชาราษฎร์อุปถัมภ์วิทยา,"1051 ถ.พระยาสุเรนทร์ แขวงบางชัน เขตคลองสามวา กทม., กรุงเทพมหานคร","โรงเรียนประชาราษฎร์อุปถัมภ์วิทยา, 1051 ถ.พระยาสุเรนทร์ แขวงบางชัน เขตคลองสามวา กทม., กรุงเทพมหานคร, ประเทศไทย"
17d93c37432b8a0c,โรงเรียนวัดคู้บอน,"59 ซ.วัดคู้บอน 35 แขวงบางชัน เขตคลองสามวา กทม., กรุงเทพมหานคร","โรงเรียนวัดคู้บอน, 59 ซ.วัดคู้บอน 35 แขวงบางชัน เขตคลองสามวา กทม., กรุงเทพมหานคร, ประเทศไทย"
87673dea764b28f0,โรงเรียนวัดบัวแก้ว,"14 หมู่ 2 แขวงทรายกองดิน เขตคลองสามวา กทม., กรุงเทพมหานคร","โรงเรียนวัดบัวแก้ว, 14 หมู่ 2 แขวงทรายกองดิน เขตคลองสามวา กทม., กรุงเทพมหานคร, ประเทศไทย"
7f78cb176d3b2137,โรงเรียนวัดแป้นทอง,"26 หมู่ 4 แขวงสามวาตะวันตก เขตคลองสามวา กทม., กรุงเทพมหานคร","โรงเรียนวัดแป้นทอง, 26 หมู่ 4 แขวงสามวาตะวันตก เขตคลองสามวา กทม., กรุงเทพมหานคร, ประเทศไทย"
992b95831170f3f4,โรงเรียนวัดพระยาสุเรนทร์,"32/3 หมู่ 8 แขวงสามวาตะวันตก เขตคลองสามวา กทม., กรุงเทพมหานคร","โรงเรียนวัดพระยาสุเรนทร์, 32/3 หมู่ 8 แขวงสามวาตะวันตก เขตคลองสามวา กทม., กรุงเทพมหานคร, ประเทศไทย"
08381931233601c3,โรงเรียนวัดลำกะดาน,"40 หมู่ 10 แขวงสามวาตะวันตก เขตคลองสามวา กทม., กรุงเทพมหานคร","โรงเรียนวัดลำกะดาน, 40 หมู่ 10 แขวงสามวาตะวันตก เขตคลองสามวา กทม., กรุงเทพมหานคร, ประเทศไทย"
b48c97fe30e70e81,โรงเรียนวัดศรีสุก (แย้มเยือนอุปถัมภ์),"35 หมู่ 8 แขวงสามวาตะวันตก เขตคลองสามวา กทม., กรุงเทพมหานคร","โรงเรียนวัดศรีสุก (แย้มเยือนอุปถัมภ์), 35 หมู่ 8 แขวงสามวาตะวันตก เขตคลองสามวา กทม., กรุงเทพมหานคร, ประเทศไทย"
0319815f8b404ccc,โรงเรียนวัดสุขใจ,"8 หมู่ 6 แขวงสามวาตะวันตก เขตคลองสามวา กทม., กรุงเทพมหานคร","โรงเรียนวัดสุขใจ, 8 หมู่ 6 แขวงสามวาตะวันตก เขตคลองสามวา กทม., กรุงเทพมหานคร, ประเทศไทย"
032a906dcef5079a,โรงเรียนวัดสุทธิสะอาด,"หมู่ 4 แขวงสามวาตะวันตก เขตคลองสามวา กทม., กรุงเทพมหานคร","โรงเรียนวัดสุทธิสะอาด, หมู่ 4 แขวงสามวาตะวันตก เขตคลองสามวา กทม., กรุงเทพมหานคร, ประเทศไทย"
b8ec07a1a9e83911,โรงเรียนสุเหร่าเกาะขุนเณร,"หมู่ 12 แขวงทรายกองดินใต้ เขตคลองสามวา กทม., กรุงเทพมหานคร","โรงเรียนสุเหร่าเกาะขุนเณร, หมู่ 12 แขวงทรายกองดินใต้ เขตคลองสามวา กทม., กรุงเทพมหานคร, ประเทศไทย"
c1736c94f5325a1e,โรงเรียนสุเหร่าคลองหนึ่ง (มานะราษฎร์บำรุง),"15/6 หมู่ 11 แขวงบางชัน เขตคลองสามวา กทม., กรุงเทพมหานคร","โรงเรียนสุเหร่าคลองหนึ่ง (มานะราษฎร์บำรุง), 15/6 หมู่ 11 แขวงบางชัน เขตคลองสามวา กทม., กรุงเทพมหานคร, ประเทศไทย"
448ec3248c4fabb8,โรงเรียนสุเหร่าสามวา,"1/1 หมู่ 1แขวงสามวาตะวันตก เขตคลองสามวา กทม., กรุงเทพมหานคร","โรงเรียนสุเหร่าสามวา, 1/1 หมู่ 1แขวงสามวาตะวันตก เขตคลองสามวา กทม., กรุงเทพมหานคร, ประเทศไทย"
0c65006102af546d,โรงเรียนสุเหร่าแสนแสบ,"50 หมู่ 10แขวงทรายกองดินใต้ เขตคลองสามวา กทม., กรุงเทพมหานคร","โรงเรียนสุเหร่าแสนแสบ, 50 หมู่ 10แขวงทรายกองดินใต้ เขตคลองสามวา กทม., กรุงเทพมหานคร, ประเทศไทย"
448409cd926baa56,โรงเรียนคันนายาว,"37 ถ.เสรีไทย แขวงคันนายาว เขตคันนายาว กทม., กรุงเทพมหานคร","โรงเรียนคันนายาว, 37 ถ.เสรีไทย แขวงคันนายาว เขตคันนายาว กทม., กรุงเทพมหานคร, ประเทศไทย"
9142926059a124fe,โรงเรียนจินดาบำรุง,"37 ซ.คู้บอน 13 ถ.เสรีไทย แขวงคันนายาว เขตคันนายาว กทม., กรุงเทพมหานคร","โรงเรียนจินดาบำรุง, 37 ซ.คู้บอน 13 ถ.เสรีไทย แขวงคันนายาว เขตคันนายาว กทม., กรุงเทพมหานคร, ประเทศไทย"
2a2eae6eecb7d1f2,โรงเรียนบ้านลาดพร้าว,"หมู่ 13 ถ.ลาดพร้าว แขวงลาดยาว เขตจตุจักร กทม., กรุงเทพมหานคร","โรงเรียนบ้านลาดพร้าว, หมู่ 13 ถ.ลาดพร้าว แขวงลาดยาว เขตจตุจักร กทม., กรุงเทพมหานคร, ประเทศไทย"
82550ffa401ea112,โรงเรียนประชานิเวศน์,"เทศบาลรังรักษ์เหนือ ซ.10 ประชานิเวศน์1 แขวงลาดยาว เขตจตุจักร กทม., กรุงเทพมหานคร","โรงเรียนประชานิเวศน์, เทศบาลรังรักษ์เหนือ ซ.10 ประชานิเวศน์1 แขวงลาดยาว เขตจตุจักร กทม., กรุงเทพมหานคร, ประเทศไทย"
03565a04cb5e86d7,โรงเรียนมัธยมประชานิเวศน์,"ถนนเทศบาลรังรักษ์เหนือ แขวงลาดยาว เขตจตุจักร กทม., กรุงเทพมหานคร","โรงเรียนมัธยมประชานิเวศน์, ถนนเทศบาลรังรักษ์เหนือ แขวงลาดยาว เขตจตุจักร กทม., กรุงเทพมหานคร, ประเทศไทย"
6c3be6bafb771165,โรงเรียนรัตนโกสินทร์สมโภช (ราชทัณฑ์อุปถัมภ์ - สังกัด กทม.),"111 ถ.งามวงศ์วาน แขวงลาดยาว เขตจตุจักร กทม., กรุงเทพมหานคร","โรงเรียนรัตนโกสินทร์สมโภช (ราชทัณฑ์อุปถัมภ์ - สังกัด กทม.), 111 ถ.งามวงศ์วาน แขวงลาดยาว เขตจตุจักร กทม., กรุงเทพมหานคร, ประเทศไทย"
a9e0ff8bfd38407f,โรงเรียนวัดเทวสุนทร,"1 หมู่ 19 ถ.วิภาวดีรังสิต แขวงลาดยาว เขตจตุจักร กทม., กรุงเทพมหานคร","โรงเรียนวัดเทวสุนทร, 1 หมู่ 19 ถ.วิภาวดีรังสิต แขวงลาดยาว เขตจตุจักร กทม., กรุงเทพมหานคร, ประเทศไทย"
dc59d0e5468abe06,โรงเรียนวัดเสมียนนารี,"32 หมู่ 2 ถ.วิภาวดีรังสิต แขวงลาดยาว เขตจตุจักร กทม., กรุงเทพมหานคร","โรงเรียนวัดเสมียนนารี, 32 หมู่ 2 ถ.วิภาวดีรังสิต แขวงลาดยาว เขตจตุจักร กทม., กรุงเทพมหานคร, ประเทศไทย"
462be1bfb271b12c,โรงเรียนเสนานิคม,"1242 ถ.พหลโยธิน แขวงลาดยาว เขตจตุจักร กทม., กรุงเทพมหานคร","โรงเรียนเสนานิคม, 1242 ถ.พหลโยธิน แขวงลาดยาว เขตจตุจักร กทม., กรุงเทพมหานคร, ประเทศไทย"
436f19816d837f5e,โรงเรียนวัดไทร (ถาวรพรหมานุกูล),"12 หมู่ 2 ซ.วัดไทร แขวงบางขุนเทียน เขตจอมทอง กทม., กรุงเทพมหานคร","โรงเรียนวัดไทร (ถาวรพรหมานุกูล), 12 หมู่ 2 ซ.วัดไทร แขวงบางขุนเทียน เขตจอมทอง กทม., กรุงเทพมหานคร, ประเทศไทย"
c62826bb24139c66,โรงเรียนวัดนาคนิมิตร,"8 ถ.สุขสวัสดิ์ 8 แขวงจอมทอง เขตจอมทอง กทม., กรุงเทพมหานคร","โรงเรียนวัดนาคนิมิตร, 8 ถ.สุขสวัสดิ์ 8 แขวงจอมทอง เขตจอมทอง กทม., กรุงเทพมหานคร, ประเทศไทย"
f189d604080063a8,โรงเรียนวัดนางนอง (พิพัฒน์),"78 ถ.วุฒากาศ แขวงบางค้อ เขตจอมทอง กทม., กรุงเทพมหานคร","โรงเรียนวัดนางนอง (พิพัฒน์), 78 ถ.วุฒากาศ แขวงบางค้อ เขตจอมทอง กทม., กรุงเทพมหานคร, ประเทศไทย"
8b3c5d79070a7664,โรงเรียนวัดบางขุนเทียนนอก,"1 หมู่ 7 ถ.รัตนกวี แขวงจอมทอง เขตจอมทอง กทม., กรุงเทพมหานคร","โรงเรียนวัดบางขุนเทียนนอก, 1 หมู่ 7 ถ.รัตนกวี แขวงจอมทอง เขตจอมทอง กทม., กรุงเทพมหานคร, ประเทศไทย"
3a661ffe338605a1,โรงเรียนวัดบางประทุนนอก,"22 หมู่ 10 แขวงบางขุนเทียน เขตจอมทอง กทม., กรุงเทพมหานคร","โรงเรียนวัดบางประทุนนอก, 22 หมู่ 10 แขวงบางขุนเทียน เขตจอมทอง กทม., กรุงเทพมหานคร, ประเทศไทย"
994354565fc64d28,โรงเรียนวัดโพธิ์แก้ว,"16 ถ.พระรามที่ 2 แขวงบางมด เขตจอมทอง กทม., กรุงเทพมหานคร","โรงเรียนวัดโพธิ์แก้ว, 16 ถ.พระรามที่ 2 แขวงบางมด เขตจอมทอง กทม., กรุงเทพมหานคร, ประเทศไทย"
cb17490ab87af79d,โรงเรียนวัดโพธิ์ทอง,"67/2 หมู่ 4 ซ.สุขสวัสดิ์ 26 แขวงบางมด เขตจอมทอง กทม., กรุงเทพมหานคร","โรงเรียนวัดโพธิ์ทอง, 67/2 หมู่ 4 ซ.สุขสวัสดิ์ 26 แขวงบางมด เขตจอมทอง กทม., กรุงเทพมหานคร, ประเทศไทย"
74773c14cf1e1f67,โรงเรียนวัดมงคลวราราม,"68 ซ.วัฒนา (ตากสิน 46) แขวงบางค้อ เขตจอมทอง กทม., กรุงเทพมหานคร","โรงเรียนวัดมงคลวราราม, 68 ซ.วัฒนา (ตากสิน 46) แขวงบางค้อ เขตจอมทอง กทม., กรุงเทพมหานคร, ประเทศไทย"
5add2a3ceaa5ebcc,โรงเรียนวัดยายร่ม,"24 ถ.พระรามที่ 2 แขวงบางมด เขตจอมทอง กทม., กรุงเทพมหานคร","โรงเรียนวัดยายร่ม, 24 ถ.พระรามที่ 2 แขวงบางมด เขตจอมทอง กทม., กรุงเทพมหานคร, ประเทศไทย"
1e16f5aa0475a423,โรงเรียนวัดศาลาครืน,"ถ.วุฒากาศ แขวงบางค้อ เขตจอมทอง กทม., กรุงเทพมหานคร","โรงเรียนวัดศาลาครืน, ถ.วุฒากาศ แขวงบางค้อ เขตจอมทอง กทม., กรุงเทพมหานคร, ประเทศไทย"
583002bb0b88d5ac,โรงเรียนวัดสีสุก,"23 ถนนพระรามที่ 2 แขวงบางมด เขตจอมทอง กทม., กรุงเทพมหานคร","โรงเรียนวัดสีสุก, 23 ถนนพระรามที่ 2 แขวงบางมด เขตจอมทอง กทม., กรุงเทพมหานคร, ประเทศไทย"
33b2daa2218022e4,โรงเรียนวัดดอนเมือง (ทหารอากาศอุทิศ),"1/4 หมู่ 10 แขวงสีกัน เขตดอนเมือง กทม., กรุงเทพมหานคร","โรงเรียนวัดดอนเมือง (ทหารอากาศอุทิศ), 1/4 หมู่ 10 แขวงสีกัน เขตดอนเมือง กทม., กรุงเทพมหานคร, ประเทศไทย"
689d9090479fffcb,โรงเรียนบำรุงรวิวรรณวิทยา (ทุ่งสีกัน),"501 หมู่ 3 ถ. เตชะตุงคะ แขวงสีกัน เขตดอนเมือง กทม., กรุงเทพมหานคร","โรงเรียนบำรุงรวิวรรณวิทยา (ทุ่งสีกัน), 501 หมู่ 3 ถ. เตชะตุงคะ แขวงสีกัน เขตดอนเมือง กทม., กรุงเทพมหานคร, ประเทศไทย"
9e0494a707239e7e,โรงเรียนประชาอุทิศ (จันทาบอนุสรณ์),"16/1 หมู่ 4 ถ. สรงประภา แขวงสีกัน เขตดอนเมือง กทม., กรุงเทพมหานคร","โรงเรียนประชาอุทิศ (จันทาบอนุสรณ์), 16/1 หมู่ 4 ถ. สรงประภา แขวงสีกัน เขตดอนเมือง กทม., กรุงเทพมหานคร, ประเทศไทย"
073f15bc1d2ab91c,โรงเรียนเปรมประชา (สายหยุด-เกษมสงเคราะห์) สังกัดกรุงเทพมหานคร เขตดอนเมือง,"209 ซ. เปรมประชา แขวงตลาดบางเขน เขตดอนเมือง กทม., กรุงเทพมหานคร","โรงเรียนเปรมประชา (สายหยุด-เกษมสงเคราะห์) สังกัดกรุงเทพมหานคร เขตดอนเมือง, 209 ซ. เปรมประชา แขวงตลาดบางเขน เขตดอนเมือง กทม., กรุงเทพมหานคร, ประเทศไทย"
6e8018a855979b61,โรงเรียนพหลโยธิน (พวงเจริญอุปถัมภ์),"9 ซ.วิภาวดีรังสิต 45 แขวงสีกัน เขตดอนเมือง กทม., กรุงเทพมหานคร","โรงเรียนพหลโยธิน (พวงเจริญอุปถัมภ์), 9 ซ.วิภาวดีรังสิต 45 แขวงสีกัน เขตดอนเมือง กทม., กรุงเทพมหานคร, ประเทศไทย"
4d0720a4f192f780,โรงเรียนวัดเวฬุวนาราม (สินทรัพย์อนุสรณ์),"69 หมู่ 5 แขวงสีกัน เขตดอนเมือง กทม., กรุงเทพมหานคร","โรงเรียนวัดเวฬุวนาราม (สินทรัพย์อนุสรณ์), 69 หมู่ 5 แขวงสีกัน เขตดอนเมือง กทม., กรุงเทพมหานคร, ประเทศไทย"
4ee9195d0a3a8801,โรงเรียนวิชากร,"3981 ถ. ประชาสงเคราะห์ แขวงดินแดง เขตดินแดง กทม., กรุงเทพมหานคร","โรงเรียนวิชากร, 3981 ถ. ประชาสงเคราะห์ แขวงดินแดง เขตดินแดง กทม., กรุงเทพมหานคร, ประเทศไทย"
a742ff1d8de44929,โรงเรียนวิชูทิศ,"4095/1 ถ. ประชาสงเคราะห์ แขวงดินแดง เขตดินแดง กทม., กรุงเทพมหานคร","โรงเรียนวิชูทิศ, 4095/1 ถ. ประชาสงเคราะห์ แขวงดินแดง เขตดินแดง กทม., กรุงเทพมหานคร, ประเทศไทย"
b5f2e835d9bfa48c,โรงเรียนสามเสนนอก (ประชาราษฎร์อนุกูล),"ถ.ประชาสงเคราะห์ แขวงห้วยขวาง เขตดินแดง กทม., กรุงเทพมหานคร","โรงเรียนสามเสนนอก (ประชาราษฎร์อนุกูล), ถ.ประชาสงเคราะห์ แขวงห้วยขวาง เขตดินแดง กทม., กรุงเทพมหานคร, ประเทศไทย"
50d0140e9f1c6f32,โรงเรียนวัดเบญจมบพิตร,"69 ถ.นครปฐม แขวงดุสิต เขตดุสิต กทม., กรุงเทพมหานคร","โรงเรียนวัดเบญจมบพิตร, 69 ถ.นครปฐม แขวงดุสิต เขตดุสิต กทม., กรุงเทพมหานคร, ประเทศไทย"
30cfaf06113d083e,โรงเรียนวัดจันทรสโมสร,"977/39 ถ.สามเสน แขวงนครไชยศรี เขตดุสิต กทม., กรุงเทพมหานคร","โรงเรียนวัดจันทรสโมสร, 977/39 ถ.สามเสน แขวงนครไชยศรี เขตดุสิต กทม., กรุงเทพมหานคร, ประเทศไทย"
69cb1a90ef4dcffb,โรงเรียนวัดเทวราชกุญชร,"90/1 ถ.ศรีอยุธยา แขวงวชิรพยาบาล เขตดุสิต กทม., กรุงเทพมหานคร","โรงเรียนวัดเทวราชกุญชร, 90/1 ถ.ศรีอยุธยา แขวงวชิรพยาบาล เขตดุสิต กทม., กรุงเทพมหานคร, ประเทศไทย"
9e7aea6289122c2d,โรงเรียนวัดธรรมาภิรตาราม,"170/2 ถ.เตชะวณิช แขวงถนนนครไชยศรี เขตดุสิต กทม., กรุงเทพมหานคร","โรงเรียนวัดธรรมาภิรตาราม, 170/2 ถ.เตชะวณิช แขวงถนนนครไชยศรี เขตดุสิต กทม., กรุงเทพมหานคร, ประเทศไทย"
6b32c2a55bca3b8a,โรงเรียนวัดประชาระบือธรรม,"158 ถ.พระราม 5 แขวงถนนนครไชยศรี เขตดุสิต กทม., กรุงเทพมหานคร","โรงเรียนวัดประชาระบือธรรม, 158 ถ.พระราม 5 แขวงถนนนครไชยศรี เขตดุสิต กทม., กรุงเทพมหานคร, ประเทศไทย"
a89e7dcb7a15e21e,โรงเรียนวัดสวัสดิ์วารีสีมาราม,"996 ถนนนครไชยศรี เขตดุสิต กทม., กรุงเทพมหานคร","โรงเรียนวัดสวัสดิ์วารีสีมาราม, 996 ถนนนครไชยศรี เขตดุสิต กทม., กรุงเทพมหานคร, ประเทศไทย"
742cc94608f508db,โรงเรียนวัดราชผาติการาม,"147 ถ.ราชวิถี แขวงวชิรพยาบาล เขตดุสิต กทม., กรุงเทพมหานคร","โรงเรียนวัดราชผาติการาม, 147 ถ.ราชวิถี แขวงวชิรพยาบาล เขตดุสิต กทม., กรุงเทพมหานคร, ประเทศไทย"
51ee04c206754505,โรงเรียนวัดสมณานัมบริหาร,"416/1 ถ.พิษณุโลก แขวงสี่แยกมหานาค เขตดุสิต กทม., กรุงเทพมหานคร","โรงเรียนวัดสมณานัมบริหาร, 416/1 ถ.พิษณุโลก แขวงสี่แยกมหานาค เขตดุสิต กทม., กรุงเทพมหานคร, ประเทศไทย"
af59f65e5356c228,โรงเรียนสุโขทัย,"361 ถ.สุโขทัย แขวงสวนจิตรลดา เขตดุสิต กทม., กรุงเทพมหานคร","โรงเรียนสุโขทัย, 361 ถ.สุโขทัย แขวงสวนจิตรลดา เขตดุสิต กทม., กรุงเทพมหานคร, ประเทศไทย"
df5814d529c5792d,โรงเรียนฉิมพลี,"82/3 ม. 7 ถ.สวนผัก แขวงฉิมพลี เขตตลิ่งชัน กทม., กรุงเทพมหานคร","โรงเรียนฉิมพลี, 82/3 ม. 7 ถ.สวนผัก แขวงฉิมพลี เขตตลิ่งชัน กทม., กรุงเทพมหานคร, ประเทศไทย"
883a310c0b9e867d,โรงเรียนชุมทางตลิ่งชัน,"291 หมู่ 11 ถ.สวนผัก แขวงตลิ่งชัน เขตตลิ่งชัน กทม., กรุงเทพมหานคร","โรงเรียนชุมทางตลิ่งชัน, 291 หมู่ 11 ถ.สวนผัก แขวงตลิ่งชัน เขตตลิ่งชัน กทม., กรุงเทพมหานคร, ประเทศไทย"
e8116d8e4c9f3405,โรงเรียนวัดกระโจมทอง,"14 หมู่6 ถ.จรัญสนิทวงศ์ 35 แขวงบางพรม เขตตลิ่งชัน กทม., กรุงเทพมหานคร","โรงเรียนวัดกระโจมทอง, 14 หมู่6 ถ.จรัญสนิทวงศ์ 35 แขวงบางพรม เขตตลิ่งชัน กทม., กรุงเทพมหานคร, ประเทศไทย"
a2f61817bd9ffd2e,โรงเรียนวัดเกาะ,"38 หมู่ 9 แขวงบางเชือกหนัง เขตตลิ่งชัน กทม., กรุงเทพมหานคร","โรงเรียนวัดเกาะ, 38 หมู่ 9 แขวงบางเชือกหนัง เขตตลิ่งชัน กทม., กรุงเทพมหานคร, ประเทศไทย"
cec039a19438ae48,โรงเรียนวัดไก่เตี้ย (สวัสดิ์ประชานุกูล),"11/1 หมู่ 2 ถ.ตลิ่งชัน-ชัยพฤกษ์ แขวงตลิ่งชัน เขตตลิ่งชัน กทม., กรุงเทพมหานคร","โรงเรียนวัดไก่เตี้ย (สวัสดิ์ประชานุกูล), 11/1 หมู่ 2 ถ.ตลิ่งชัน-ชัยพฤกษ์ แขวงตลิ่งชัน เขตตลิ่งชัน กทม., กรุงเทพมหานคร, ประเทศไทย"
67fb10b7d0ab160c,โรงเรียนวัดชัยพฤกษมาลา,"124 หมู่ 4 ถ.ชัยพฤกษ์ แขวงตลิ่งชัน เขตตลิ่งชัน กทม., กรุงเทพมหานคร","โรงเรียนวัดชัยพฤกษมาลา, 124 หมู่ 4 ถ.ชัยพฤกษ์ แขวงตลิ่งชัน เขตตลิ่งชัน กทม., กรุงเทพมหานคร, ประเทศไทย"
d541c3dd33f9c8c0,โรงเรียนวัดช่างเหล็ก,"430 ถ.ฉิมพลี แขวงคลองชักพระ เขตตลิ่งชัน กทม., กรุงเทพมหานคร","โรงเรียนวัดช่างเหล็ก, 430 ถ.ฉิมพลี แขวงคลองชักพระ เขตตลิ่งชัน กทม., กรุงเทพมหานคร, ประเทศไทย"
50d035cab6118e90,โรงเรียนวัดตลิ่งชัน,"300 ถ.ชักพระ แขวงคลองชักพระ เขตตลิ่งชัน กทม., กรุงเทพมหานคร","โรงเรียนวัดตลิ่งชัน, 300 ถ.ชักพระ แขวงคลองชักพระ เขตตลิ่งชัน กทม., กรุงเทพมหานคร, ประเทศไทย"
d010c0cb6e86b146,โรงเรียนวัดทอง (อุดมศิลปวิทยาคาร),"23 หมู่ 15 ถ.บรมราชชนนี แขวงฉิมพลี เขตตลิ่งชัน กทม., กรุงเทพมหานคร","โรงเรียนวัดทอง (อุดมศิลปวิทยาคาร), 23 หมู่ 15 ถ.บรมราชชนนี แขวงฉิมพลี เขตตลิ่งชัน กทม., กรุงเทพมหานคร, ประเทศไทย"
5a0d5a759559ded0,โรงเรียนวัดประสาท,"30 หมู่ 10 แขวงบางพรม เขตตลิ่งชัน กทม., กรุงเทพมหานคร","โรงเรียนวัดประสาท, 30 หมู่ 10 แขวงบางพรม เขตตลิ่งชัน กทม., กรุงเทพมหานคร, ประเทศไทย"
49b9a9d9d67b0a22,โรงเรียนวัดปากน้ำฝั่งเหนือ,"942/2 แขวงคลองชักพระ เขตตลิ่งชัน กทม., กรุงเทพมหานคร","โรงเรียนวัดปากน้ำฝั่งเหนือ, 942/2 แขวงคลองชักพระ เขตตลิ่งชัน กทม., กรุงเทพมหานคร, ประเทศไทย"
81e669bdc97e6e94,โรงเรียนวัดพิกุล,"2 หมู่ 5 แขวงบางเชือกหนัง เขตตลิ่งชัน กทม., กรุงเทพมหานคร","โรงเรียนวัดพิกุล, 2 หมู่ 5 แขวงบางเชือกหนัง เขตตลิ่งชัน กทม., กรุงเทพมหานคร, ประเทศไทย"
89ddfa71ee2a741b,โรงเรียนวัดโพธิ์ (ราษฎร์ผดุงผล),"9/2 หมู่ 1 แขวงบางระมาด เขตตลิ่งชัน กทม., กรุงเทพมหานคร","โรงเรียนวัดโพธิ์ (ราษฎร์ผดุงผล), 9/2 หมู่ 1 แขวงบางระมาด เขตตลิ่งชัน กทม., กรุงเทพมหานคร, ประเทศไทย"
9a2f6815894e4699,โรงเรียนวัดมะกอก (วิสุทธิวิทยาคาร),"24 หมู่ 8 แขวงบางระมาด เขตตลิ่งชัน กทม., กรุงเทพมหานคร","โรงเรียนวัดมะกอก (วิสุทธิวิทยาคาร), 24 หมู่ 8 แขวงบางระมาด เขตตลิ่งชัน กทม., กรุงเทพมหานคร, ประเทศไทย"
76ec1dd9e7c629ee,โรงเรียนวัดรัชฎาธิฐาน,"692 แขวงคลองชักพระ เขตตลิ่งชัน กทม., กรุงเทพมหานคร","โรงเรียนวัดรัชฎาธิฐาน, 692 แขวงคลองชักพระ เขตตลิ่งชัน กทม., กรุงเทพมหานคร, ประเทศไทย"
617fe2c0df84e9b7,โรงเรียนวัดอินทราวาส,"6 หมู่ 22 แขวงบางระมาด เขตตลิ่งชัน กทม., กรุงเทพมหานคร","โรงเรียนวัดอินทราวาส, 6 หมู่ 22 แขวงบางระมาด เขตตลิ่งชัน กทม., กรุงเทพมหานคร, ประเทศไทย"
fbefa381d35851da,โรงเรียนคลองต้นไทร (สุขล้อมอุทิศ),"87/2 หมู่ 19 แขวงศาลาธรรมสพน์ เขตทวีวัฒนา กทม., กรุงเทพมหานคร","โรงเรียนคลองต้นไทร (สุขล้อมอุทิศ), 87/2 หมู่ 19 แขวงศาลาธรรมสพน์ เขตทวีวัฒนา กทม., กรุงเทพมหานคร, ประเทศไทย"
65975844700a4479,โรงเรียนคลองทวีวัฒนา,"155 หมู่ 1 แขวงทวีวัฒนา เขตทวีวัฒนา กทม., กรุงเทพมหานคร","โรงเรียนคลองทวีวัฒนา, 155 หมู่ 1 แขวงทวีวัฒนา เขตทวีวัฒนา กทม., กรุงเทพมหานคร, ประเทศไทย"
92156440b9c9b9b4,โรงเรียนคลองบางพรหม,"53 หมู่ 12 แขวงศาลาธรรมสพน์ เขตทวีวัฒนา กทม., กรุงเทพมหานคร","โรงเรียนคลองบางพรหม, 53 หมู่ 12 แขวงศาลาธรรมสพน์ เขตทวีวัฒนา กทม., กรุงเทพมหานคร, ประเทศไทย"
0b01176c3131e98e,โรงเรียนคลองมหาสวัสดิ์,"28/3 หมู่ 4 แขวงศาลาธรรมสพน์ เขตทวีวัฒนา กทม., กรุงเทพมหานคร","โรงเรียนคลองมหาสวัสดิ์, 28/3 หมู่ 4 แขวงศาลาธรรมสพน์ เขตทวีวัฒนา กทม., กรุงเทพมหานคร, ประเทศไทย"
0cb74000f359f1bc,โรงเรียนตั้งพิรุฬห์ธรรม,"9/3 หมู่ 10 แขวงศาลาธรรมสพน์ เขตทวีวัฒนา กทม., กรุงเทพมหานคร","โรงเรียนตั้งพิรุฬห์ธรรม, 9/3 หมู่ 10 แขวงศาลาธรรมสพน์ เขตทวีวัฒนา กทม., กรุงเทพมหานคร, ประเทศไทย"
f953bb61df08bbea,โรงเรียนวัดปุรณาวาส,"25 หมู่ 3 แขวงศาลาธรรมสพน์ เขตทวีวัฒนา กทม., กรุงเทพมหานคร","โรงเรียนวัดปุรณาวาส, 25 หมู่ 3 แขวงศาลาธรรมสพน์ เขตทวีวัฒนา กทม., กรุงเทพมหานคร, ประเทศไทย"
260c087c3a919883,โรงเรียนมัธยมปุรณาวาส,"25 หมู่ 3 แขวงศาลาธรรมสพน์ เขตทวีวัฒนา กทม., กรุงเทพมหานคร","โรงเรียนมัธยมปุรณาวาส, 25 หมู่ 3 แขวงศาลาธรรมสพน์ เขตทวีวัฒนา กทม., กรุงเทพมหานคร, ประเทศไทย"
2825777f2f7dd372,โรงเรียนคลองรางจาก,"69/1 คลองรางจาก แขวงทุ่งครุ เขตทุ่งครุ กทม., กรุงเทพมหานคร","โรงเรียนคลองรางจาก, 69/1 คลองรางจาก แขวงทุ่งครุ เขตทุ่งครุ กทม., กรุงเทพมหานคร, ประเทศไทย"
92fc326e77f863e4,โรงเรียนชูสินทองประดิษฐ์อนุสรณ์,"81/27 หมู่ 4 ถ.ประชาอุทิศ แขวงบางมด เขตทุ่ง กทม., กรุงเทพมหานคร","โรงเรียนชูสินทองประดิษฐ์อนุสรณ์, 81/27 หมู่ 4 ถ.ประชาอุทิศ แขวงบางมด เขตทุ่ง กทม., กรุงเทพมหานคร, ประเทศไทย"
7da07cf1334b0315,โรงเรียนนาหลวง,"379/1 ถ.พุทธบูชา แขวงบางมด เขตทุ่งครุ กทม., กรุงเทพมหานคร","โรงเรียนนาหลวง, 379/1 ถ.พุทธบูชา แขวงบางมด เขตทุ่งครุ กทม., กรุงเทพมหานคร, ประเทศไทย"
d048ccc3e6090039,โรงเรียนบางมด (ตันเปาว์วิทยาคาร),"177 หมู่ 3 ถ.พุทธบูชา แขวงบางมด เขตทุ่งครุ กทม., กรุงเทพมหานคร","โรงเรียนบางมด (ตันเปาว์วิทยาคาร), 177 หมู่ 3 ถ.พุทธบูชา แขวงบางมด เขตทุ่งครุ กทม., กรุงเทพมหานคร, ประเทศไทย"
6285b8b4f9533f86,โรงเรียนรางราชพฤกษ์ (นุชมีอุทิศ),"47/2 หมู่4 ซ.ประชาอุทิศ 72 แขวงทุ่งครุ เขตทุ่งครุ กทม., กรุงเทพมหานคร","โรงเรียนรางราชพฤกษ์ (นุชมีอุทิศ), 47/2 หมู่4 ซ.ประชาอุทิศ 72 แขวงทุ่งครุ เขตทุ่งครุ กทม., กรุงเทพมหานคร, ประเทศไทย"
a04956e6acc42241,โรงเรียนราษฎร์บูรณะ,"141 หมู่ 1 ซ.ทุ่งครุ ถ.ประชาอุทิศ แขวงทุ่งครุ เขตทุ่งครุ กทม., กรุงเทพมหานคร","โรงเรียนราษฎร์บูรณะ, 141 หมู่ 1 ซ.ทุ่งครุ ถ.ประชาอุทิศ แขวงทุ่งครุ เขตทุ่งครุ กทม., กรุงเทพมหานคร, ประเทศไทย"
afc78fcfae723a21,โรงเรียนวัดทุ่งครุ,"42 หมู่ 6 ถ.ประชาอุทิศ แขวงทุ่งครุ เขตทุ่งครุ กทม., กรุงเทพมหานคร","โรงเรียนวัดทุ่งครุ, 42 หมู่ 6 ถ.ประชาอุทิศ แขวงทุ่งครุ เขตทุ่งครุ กทม., กรุงเทพมหานคร, ประเทศไทย"
738349e8a5f2fee4,โรงเรียนสามัคคีบำรุง,"75 ม.4 ถ.ประชาอุทิศ แขวงบางมด เขตทุ่งครุ กทม., กรุงเทพมหานคร","โรงเรียนสามัคคีบำรุง, 75 ม.4 ถ.ประชาอุทิศ แขวงบางมด เขตทุ่งครุ กทม., กรุงเทพมหานคร, ประเทศไทย"
e1854b2406329c39,โรงเรียนวัดกระจับพินิจ,"300/1 ถ.ตากสิน แขวงบุคคโล เขตธนบุรี กทม., กรุงเทพมหานคร","โรงเรียนวัดกระจับพินิจ, 300/1 ถ.ตากสิน แขวงบุคคโล เขตธนบุรี กทม., กรุงเทพมหานคร, ประเทศไทย"
2d7df927823a9ebf,โรงเรียนวัดกันตทาราราม,"ถ.รัชดาภิเษก 14 แขวงตลาดพลู เขตธนบุรี กทม., กรุงเทพมหานคร","โรงเรียนวัดกันตทาราราม, ถ.รัชดาภิเษก 14 แขวงตลาดพลู เขตธนบุรี กทม., กรุงเทพมหานคร, ประเทศไทย"
653216d2941485ad,โรงเรียนวัดกัลยาณมิตร,"656 ถ.เทศบาลสาย 1 แขวงวัดกัลยาณ์ เขตธนบุรี กทม., กรุงเทพมหานคร","โรงเรียนวัดกัลยาณมิตร, 656 ถ.เทศบาลสาย 1 แขวงวัดกัลยาณ์ เขตธนบุรี กทม., กรุงเทพมหานคร, ประเทศไทย"
1c40cf6651c91f16,โรงเรียนวัดขุนจันทร์,"1144 ถ.เทอดไท แขวงตลาดพลู เขตธนบุรี กทม., กรุงเทพมหานคร","โรงเรียนวัดขุนจันทร์, 1144 ถ.เทอดไท แขวงตลาดพลู เขตธนบุรี กทม., กรุงเทพมหานคร, ประเทศไทย"
6c49eb2670cd7386,โรงเรียนวัดดาวคนอง,"ถ.เจริญนคร แขวงบุคคโล เขตธนบุรี กทม., กรุงเทพมหานคร","โรงเรียนวัดดาวคนอง, ถ.เจริญนคร แขวงบุคคโล เขตธนบุรี กทม., กรุงเทพมหานคร, ประเทศไทย"
64119518c8edc0f5,โรงเรียนวัดบางน้ำชน,"ถ.เจริญนคร แขวงบุคคโล เขตธนบุรี กทม., กรุงเทพมหานคร","โรงเรียนวัดบางน้ำชน, ถ.เจริญนคร แขวงบุคคโล เขตธนบุรี กทม., กรุงเทพมหานคร, ประเทศไทย"
87a52b7ce734f3ca,โรงเรียนวัดบางสะแกนอก,"154 ถ.เทอดไท แขวงตลาดพลู เขตธนบุรี กทม., กรุงเทพมหานคร","โรงเรียนวัดบางสะแกนอก, 154 ถ.เทอดไท แขวงตลาดพลู เขตธนบุรี กทม., กรุงเทพมหานคร, ประเทศไทย"
e8a5e42e1693670d,โรงเรียนวัดบางสะแกใน,"1587 ถ.ริมทางรถไฟ แขวงตลาดพลู เขตธนบุรี กทม., กรุงเทพมหานคร","โรงเรียนวัดบางสะแกใน, 1587 ถ.ริมทางรถไฟ แขวงตลาดพลู เขตธนบุรี กทม., กรุงเทพมหานคร, ประเทศไทย"
9c94e7383b3ed0ca,โรงเรียนวัดบุคคโล,"349 ถ.เจริญนคร แขวงบุคคโล เขตธนบุรี กทม., กรุงเทพมหานคร","โรงเรียนวัดบุคคโล, 349 ถ.เจริญนคร แขวงบุคคโล เขตธนบุรี กทม., กรุงเทพมหานคร, ประเทศไทย"
b57ad4697531c7ab,โรงเรียนวัดประดิษฐาราม,"33 ถ.อิสรภาพ แขวงหิรัญรูจี เขตธนบุรี กทม., กรุงเทพมหานคร","โรงเรียนวัดประดิษฐาราม, 33 ถ.อิสรภาพ แขวงหิรัญรูจี เขตธนบุรี กทม., กรุงเทพมหานคร, ประเทศไทย"
0518cd86bf9813f3,โรงเรียนวัดประยุรวงศ์,"24/1 ถ.ประชาธิปก แขวงวัดกัลยาณ์ เขตธนบุรี กทม., กรุงเทพมหานคร","โรงเรียนวัดประยุรวงศ์, 24/1 ถ.ประชาธิปก แขวงวัดกัลยาณ์ เขตธนบุรี กทม., กรุงเทพมหานคร, ประเทศไทย"
93ae3bbc6949271d,โรงเรียนวัดโพธินิมิตร,"309 ถ.เทอดไท แขวงบางยี่เรือ เขตธนบุรี กทม., กรุงเทพมหานคร","โรงเรียนวัดโพธินิมิตร, 309 ถ.เทอดไท แขวงบางยี่เรือ เขตธนบุรี กทม., กรุงเทพมหานคร, ประเทศไทย"
9fae63be629691e7,โรงเรียนวัดราชคฤห์,"518 ถ.เทอดไท แขวงบางยี่เรือ เขตธนบุรี กทม., กรุงเทพมหานคร","โรงเรียนวัดราชคฤห์, 518 ถ.เทอดไท แขวงบางยี่เรือ เขตธนบุรี กทม., กรุงเทพมหานคร, ประเทศไทย"
99ad86e971938038,โรงเรียนวัดราชวรินทร์,"472 ถ.ตากสิน แขวงบุคคโล เขตธนบุรี กทม., กรุงเทพมหานคร","โรงเรียนวัดราชวรินทร์, 472 ถ.ตากสิน แขวงบุคคโล เขตธนบุรี กทม., กรุงเทพมหานคร, ประเทศไทย"
b921591e69f9b9e4,โรงเรียนวัดเวฬุราชิณ,"154/1 ถ.เทอดไท แขวงบางยี่เรือ เขตธนบุรี กทม., กรุงเทพมหานคร","โรงเรียนวัดเวฬุราชิณ, 154/1 ถ.เทอดไท แขวงบางยี่เรือ เขตธนบุรี กทม., กรุงเทพมหานคร, ประเทศไทย"
ff700451d00c0aa5,โรงเรียนวัดใหญ่ศรีสุพรรณ,"98 ถ.อินทรพิทักษ์ แขวงหิรัญรูจี เขตธนบุรี กทม., กรุงเทพมหานคร","โรงเรียนวัดใหญ่ศรีสุพรรณ, 98 ถ.อินทรพิทักษ์ แขวงหิรัญรูจี เขตธนบุรี กทม., กรุงเทพมหานคร, ประเทศไทย"
b0a0512d004af127,โรงเรียนวัดใหม่ยายนุ้ย,"ถ.วุฒากาศ แขวงตลาดพลู เขตธนบุรี กทม., กรุงเทพมหานคร","โรงเรียนวัดใหม่ยายนุ้ย, ถ.วุฒากาศ แขวงตลาดพลู เขตธนบุรี กทม., กรุงเทพมหานคร, ประเทศไทย"
6ae79f25322959be,โรงเรียนไขศรีปราโมทย์อนุสรณ์,"136 ถ.ลาดพร้าว 134 คลองจั่น เขตบางกะปิ กทม., กรุงเทพมหานคร","โรงเรียนไขศรีปราโมทย์อนุสรณ์, 136 ถ.ลาดพร้าว 134 คลองจั่น เขตบางกะปิ กทม., กรุงเทพมหานคร, ประเทศไทย"
1ecaf29cedd1ae49,โรงเรียนคลองกะจะ (พงษ์สมบัติบำรุง) เขตบางกะปิ,"163 คลองกะจะ แขวงหัวหมาก เขตบางกะปิ กทม., กรุงเทพมหานคร","โรงเรียนคลองกะจะ (พงษ์สมบัติบำรุง) เขตบางกะปิ, 163 คลองกะจะ แขวงหัวหมาก เขตบางกะปิ กทม., กรุงเทพมหานคร, ประเทศไทย"
8c15d21e77711bbc,โรงเรียนบ้านบางกะปิ,"93 ถ.นวมินทร์ แขวงคลองจั่น เขตบางกะปิ กทม., กรุงเทพมหานคร","โรงเรียนบ้านบางกะปิ, 93 ถ.นวมินทร์ แขวงคลองจั่น เขตบางกะปิ กทม., กรุงเทพมหานคร, ประเทศไทย"
b82b9fe8026c58a6,โรงเรียนมัธยมบ้านบางกะปิ,"ถ.นวมินทร์ แขวงคลองจั่น เขตบางกะปิ กทม., กรุงเทพมหานคร","โรงเรียนมัธยมบ้านบางกะปิ, ถ.นวมินทร์ แขวงคลองจั่น เขตบางกะปิ กทม., กรุงเทพมหานคร, ประเทศไทย"
1c1fb5bd7c028582,โรงเรียนลำสาลี (ราษฎร์บำรุง ),"183-2 ถ.กรุงเทพกรีฑา แขวงหัวหมาก เขตบางกะปิ กทม., กรุงเทพมหานคร","โรงเรียนลำสาลี (ราษฎร์บำรุง ), 183-2 ถ.กรุงเทพกรีฑา แขวงหัวหมาก เขตบางกะปิ กทม., กรุงเทพมหานคร, ประเทศไทย"
09f85c4069b67277,โรงเรียนวัดเทพลีลา,"76 ซอยรามค้าแหง 41 แขวงหัวหมาก เขตบางกะปิ กทม., กรุงเทพมหานคร","โรงเรียนวัดเทพลีลา, 76 ซอยรามค้าแหง 41 แขวงหัวหมาก เขตบางกะปิ กทม., กรุงเทพมหานคร, ประเทศไทย"
00e5b2abe3934bf5,โรงเรียนวัดบึงทองหลาง,"1149 แขวงวังทองหลาง เขตบางกะปิ กทม., กรุงเทพมหานคร","โรงเรียนวัดบึงทองหลาง, 1149 แขวงวังทองหลาง เขตบางกะปิ กทม., กรุงเทพมหานคร, ประเทศไทย"
b20152fbe3a21a69,โรงเรียนสุเหร่าคลองจั่น,"596 ถนนรามค้าแหง แขวงหัวหมาก เขตบางกะปิ กทม., กรุงเทพมหานคร","โรงเรียนสุเหร่าคลองจั่น, 596 ถนนรามค้าแหง แขวงหัวหมาก เขตบางกะปิ กทม., กรุงเทพมหานคร, ประเทศไทย"
91b65271a585ca3f,โรงเรียนวัดศรีบุญเรือง,"130 หมู่ 2 ถ.ลาดพร้าว130 แขวงคลองจั่น เขตบางกะปิ กทม., กรุงเทพมหานคร","โรงเรียนวัดศรีบุญเรือง, 130 หมู่ 2 ถ.ลาดพร้าว130 แขวงคลองจั่น เขตบางกะปิ กทม., กรุงเทพมหานคร, ประเทศไทย"
f3ff5a026caafd47,โรงเรียนสุเหร่าวังใหญ่,"สนามกอล์ฟกรุงเทพกรีฑา แขวงหัวหมาก เขตบางกะปิ กทม, กรุงเทพมหานคร","โรงเรียนสุเหร่าวังใหญ่, สนามกอล์ฟกรุงเทพกรีฑา แขวงหัวหมาก เขตบางกะปิ กทม, กรุงเทพมหานคร, ประเทศไทย"
2fe76c9e5ac2815f,โรงเรียนสุเหร่าหัวหมากน้อย,"171 ถ.รามค้าแหง แขวงหัวหมาก เขตบางกะปิ กทม., กรุงเทพมหานคร","โรงเรียนสุเหร่าหัวหมากน้อย, 171 ถ.รามค้าแหง แขวงหัวหมาก เขตบางกะปิ กทม., กรุงเทพมหานคร, ประเทศไทย"
56a98e0703a86fb0,โรงเรียนวัดเจ้าอาม,"137 แขวงบางขุนนนท์ เขตบางกอกน้อย กทม., กรุงเทพมหานคร","โรงเรียนวัดเจ้าอาม, 137 แขวงบางขุนนนท์ เขตบางกอกน้อย กทม., กรุงเทพมหานคร, ประเทศไทย"
c0207782d99a54c8,โรงเรียนวัดดงมูลเหล็ก,"69/2 ถ.อิสรภาพ แขวงบ้านช่างหล่อ เขตบางกอกน้อย กทม., กรุงเทพมหานคร","โรงเรียนวัดดงมูลเหล็ก, 69/2 ถ.อิสรภาพ แขวงบ้านช่างหล่อ เขตบางกอกน้อย กทม., กรุงเทพมหานคร, ประเทศไทย"
3e1b7d95734dac5c,โรงเรียนวัดดุสิตาราม,"9/13 แขวงอรุณอมรินทร์ เขตบางกอกน้อย กทม., กรุงเทพมหานคร","โรงเรียนวัดดุสิตาราม, 9/13 แขวงอรุณอมรินทร์ เขตบางกอกน้อย กทม., กรุงเทพมหานคร, ประเทศไทย"
42fd19b1568fa5bd,โรงเรียนวัดบางขุนนนท์,"31/81 แขวงบางขุนนนท์ เขตบางกอกน้อย กทม., กรุงเทพมหานคร","โรงเรียนวัดบางขุนนนท์, 31/81 แขวงบางขุนนนท์ เขตบางกอกน้อย กทม., กรุงเทพมหานคร, ประเทศไทย"
0885a0a7ee5d3023,โรงเรียนวัดบางเสาธง,"834 แขวงบางขุนศรี เขตบางกอกน้อย กทม., กรุงเทพมหานคร","โรงเรียนวัดบางเสาธง, 834 แขวงบางขุนศรี เขตบางกอกน้อย กทม., กรุงเทพมหานคร, ประเทศไทย"
469980a73463de2b,โรงเรียนวัดปฐมบุตรอิศราราม,"197/1 แขวงอรุณอมรินทร์ เขตบางกอกน้อย กทม., กรุงเทพมหานคร","โรงเรียนวัดปฐมบุตรอิศราราม, 197/1 แขวงอรุณอมรินทร์ เขตบางกอกน้อย กทม., กรุงเทพมหานคร, ประเทศไทย"
a299e02c531bea0b,โรงเรียนวัดพระยาทำ,"161/9 แขวงบ้านช่างหล่อ เขตบางกอกน้อย กทม., กรุงเทพมหานคร","โรงเรียนวัดพระยาทำ, 161/9 แขวงบ้านช่างหล่อ เขตบางกอกน้อย กทม., กรุงเทพมหานคร, ประเทศไทย"
4b590e37571af38e,โรงเรียนวัดโพธิ์เรียง,"106/5 แขวงบ้านช่างหล่อ เขตบางกอกน้อย กทม., กรุงเทพมหานคร","โรงเรียนวัดโพธิ์เรียง, 106/5 แขวงบ้านช่างหล่อ เขตบางกอกน้อย กทม., กรุงเทพมหานคร, ประเทศไทย"
93ebc9abebdd366b,โรงเรียนวัดยางสุทธาราม,"767/92-94 แขวงบ้านช่างหล่อ เขตบางกอกน้อย กทม., กรุงเทพมหานคร","โรงเรียนวัดยางสุทธาราม, 767/92-94 แขวงบ้านช่างหล่อ เขตบางกอกน้อย กทม., กรุงเทพมหานคร, ประเทศไทย"
e3b50517a25d24c6,โรงเรียนวัดวิเศษการ,"42/3 ถ.พรานนก แขวงศิริราช เขตบางกอกน้อย กทม., กรุงเทพมหานคร","โรงเรียนวัดวิเศษการ, 42/3 ถ.พรานนก แขวงศิริราช เขตบางกอกน้อย กทม., กรุงเทพมหานคร, ประเทศไทย"
0d3ad69b4773eb22,โรงเรียนวัดศรีสุดาราม,"54/8 แขวงบางขุนนนท์ เขตบางกอกน้อย กทม., กรุงเทพมหานคร","โรงเรียนวัดศรีสุดาราม, 54/8 แขวงบางขุนนนท์ เขตบางกอกน้อย กทม., กรุงเทพมหานคร, ประเทศไทย"
8280495a869e8ee6,โรงเรียนวัดสุวรรณคีรี,"796/1 แขวงอรุณอัมรินทร์ เขตบางกอกน้อย กทม., กรุงเทพมหานคร","โรงเรียนวัดสุวรรณคีรี, 796/1 แขวงอรุณอัมรินทร์ เขตบางกอกน้อย กทม., กรุงเทพมหานคร, ประเทศไทย"
219b6b00cdda7c44,โรงเรียนวัดสุวรรณาราม,"375/2 ถ.จรัญสนิทวงศ์ 32 เขตบางกอกน้อย กทม., กรุงเทพมหานคร","โรงเรียนวัดสุวรรณาราม, 375/2 ถ.จรัญสนิทวงศ์ 32 เขตบางกอกน้อย กทม., กรุงเทพมหานคร, ประเทศไทย"
2aad5eb3e6cae301,โรงเรียนวัดอัมพวา,"111 แขวงบ้านช่างหล่อ เขตบางกอกน้อย กทม., กรุงเทพมหานคร","โรงเรียนวัดอัมพวา, 111 แขวงบ้านช่างหล่อ เขตบางกอกน้อย กทม., กรุงเทพมหานคร, ประเทศไทย"
b65957d02b506381,โรงเรียนวัดดีดวด,"116/13 แขวงวัดท่าพระ เขตบางกอกใหญ่ กทม., กรุงเทพมหานคร","โรงเรียนวัดดีดวด, 116/13 แขวงวัดท่าพระ เขตบางกอกใหญ่ กทม., กรุงเทพมหานคร, ประเทศไทย"
777e699ce2ab505b,โรงเรียนวัดท่าพระ,"30 แขวงวัดท่าพระ เขตบางกอกใหญ่ กทม., กรุงเทพมหานคร","โรงเรียนวัดท่าพระ, 30 แขวงวัดท่าพระ เขตบางกอกใหญ่ กทม., กรุงเทพมหานคร, ประเทศไทย"
53320a625f256fb9,โรงเรียนวัดนาคกลาง,"761 แขวงวัดอรุณ เขตบางกอกใหญ่ กทม., กรุงเทพมหานคร","โรงเรียนวัดนาคกลาง, 761 แขวงวัดอรุณ เขตบางกอกใหญ่ กทม., กรุงเทพมหานคร, ประเทศไทย"
8104dff4b6761764,โรงเรียนวัดประดู่ฉิมพลี,"1162 แขวงวัดท่าพระ เขตบางกอกใหญ่ กทม., กรุงเทพมหานคร","โรงเรียนวัดประดู่ฉิมพลี, 1162 แขวงวัดท่าพระ เขตบางกอกใหญ่ กทม., กรุงเทพมหานคร, ประเทศไทย"
3e7b304bbd0f4b8a,โรงเรียนวัดราชสิทธาราม,"94 แขวงวัดท่าพระ เขตบางกอกใหญ่ กทม., กรุงเทพมหานคร","โรงเรียนวัดราชสิทธาราม, 94 แขวงวัดท่าพระ เขตบางกอกใหญ่ กทม., กรุงเทพมหานคร, ประเทศไทย"
0cc49eae6dbb3dcc,โรงเรียนวัดใหม่พิเรนทร์,"611 แขวงวัดอรุณ เขตบางกอกใหญ่ กทม., กรุงเทพมหานคร","โรงเรียนวัดใหม่พิเรนทร์, 611 แขวงวัดอรุณ เขตบางกอกใหญ่ กทม., กรุงเทพมหานคร, ประเทศไทย"
70904c103a860222,โรงเรียนวัดมะลิ,"487/13 แขวงบางขุนศรี เขตบางกอกน้อย กทม., กรุงเทพมหานคร","โรงเรียนวัดมะลิ, 487/13 แขวงบางขุนศรี เขตบางกอกน้อย กทม., กรุงเทพมหานคร, ประเทศไทย"
49c9fab6710a34c8,โรงเรียนแก้วข้าทับอุปถัมภ์,"60/8 หมู่ 8 แขวงท่าข้าม เขตบางขุนเทียน กทม., กรุงเทพมหานคร","โรงเรียนแก้วข้าทับอุปถัมภ์, 60/8 หมู่ 8 แขวงท่าข้าม เขตบางขุนเทียน กทม., กรุงเทพมหานคร, ประเทศไทย"
cf6c03edd3eac1af,โรงเรียนคลองพิทยาลงกรณ์,"54/3 หมู่ 10 แขวงท่าข้าม เขตบางขุนเทียน กทม., กรุงเทพมหานคร","โรงเรียนคลองพิทยาลงกรณ์, 54/3 หมู่ 10 แขวงท่าข้าม เขตบางขุนเทียน กทม., กรุงเทพมหานคร, ประเทศไทย"
0c483143a0d87792,โรงเรียนราชมนตรี (ปลื้ม-เชื่อมนุกูล),"9 /9 หมู่ 6 แขวงแสมด้า เขตบางขุนเทียน กทม., กรุงเทพมหานคร","โรงเรียนราชมนตรี (ปลื้ม-เชื่อมนุกูล), 9 /9 หมู่ 6 แขวงแสมด้า เขตบางขุนเทียน กทม., กรุงเทพมหานคร, ประเทศไทย"
556bf07d36b2b067,โรงเรียนบางขุนเทียนศึกษา,"88/1268 หมู่ 6 แขวงแสมด้า เขตบางขุนเทียน กทม., กรุงเทพมหานคร","โรงเรียนบางขุนเทียนศึกษา, 88/1268 หมู่ 6 แขวงแสมด้า เขตบางขุนเทียน กทม., กรุงเทพมหานคร, ประเทศไทย"
693330e8ec804d1c,โรงเรียนวัดกก,"54 หมู่ 1 ถ.พระรามที่2 แขวงท่าข้าม เขตบางขุนเทียน กทม., กรุงเทพมหานคร","โรงเรียนวัดกก, 54 หมู่ 1 ถ.พระรามที่2 แขวงท่าข้าม เขตบางขุนเทียน กทม., กรุงเทพมหานคร, ประเทศไทย"
82becd10b0421f06,โรงเรียนวัดกำแพง,"45/62 หมู่6 ถ.พระรามที่2 แขวงแสมด้า เขตบางขุนเทียน กทม., กรุงเทพมหานคร","โรงเรียนวัดกำแพง, 45/62 หมู่6 ถ.พระรามที่2 แขวงแสมด้า เขตบางขุนเทียน กทม., กรุงเทพมหานคร, ประเทศไทย"
d611da353dc5a267,โรงเรียนวัดท่าข้าม,"3 ซ.อนามัยงามเจริญ 18 ถ.พระราม2 แขวงท่าข้าม เขตบางขุนเทียน กทม., กรุงเทพมหานคร","โรงเรียนวัดท่าข้าม, 3 ซ.อนามัยงามเจริญ 18 ถ.พระราม2 แขวงท่าข้าม เขตบางขุนเทียน กทม., กรุงเทพมหานคร, ประเทศไทย"
2841ccc2e19b4eba,โรงเรียนวัดบัวผัน,"7/1 หมู่ 2 แขวงท่าข้าม เขตบางขุนเทียน กทม., กรุงเทพมหานคร","โรงเรียนวัดบัวผัน, 7/1 หมู่ 2 แขวงท่าข้าม เขตบางขุนเทียน กทม., กรุงเทพมหานคร, ประเทศไทย"
cd06f74e6e6cbdfe,โรงเรียนวัดบางกระดี่,"41 หมู่ 8 ถ.พระรามที่2 แขวงแสมด้า เขตบางขุนเทียน กทม., กรุงเทพมหานคร","โรงเรียนวัดบางกระดี่, 41 หมู่ 8 ถ.พระรามที่2 แขวงแสมด้า เขตบางขุนเทียน กทม., กรุงเทพมหานคร, ประเทศไทย"
2fe21547c26fe0fc,โรงเรียนวัดประชาบำรุง,"24 หมู่ 9 แขวงท่าข้าม บางขุนเทียน กทม., กรุงเทพมหานคร","โรงเรียนวัดประชาบำรุง, 24 หมู่ 9 แขวงท่าข้าม บางขุนเทียน กทม., กรุงเทพมหานคร, ประเทศไทย"
31456705beac119e,โรงเรียนวัดเลา,"30 หมู่ 1 ถ.พระรามที่2 แขวงท่าข้าม เขตบางขุนเทียน กทม., กรุงเทพมหานคร","โรงเรียนวัดเลา, 30 หมู่ 1 ถ.พระรามที่2 แขวงท่าข้าม เขตบางขุนเทียน กทม., กรุงเทพมหานคร, ประเทศไทย"
77fbac1d100bd635,โรงเรียนวัดสะแกงาม,"87 หมู่ 1 ถ.พระรามที่2 แขวงแสมด้า เขตบางขุนเทียน กทม., กรุงเทพมหานคร","โรงเรียนวัดสะแกงาม, 87 หมู่ 1 ถ.พระรามที่2 แขวงแสมด้า เขตบางขุนเทียน กทม., กรุงเทพมหานคร, ประเทศไทย"
fde847bc2b514012,โรงเรียนวัดแสมดำ,"40 ม.3 ถ.พระรามที่2 แขวงแสมด้า เขตบางขุนเทียน กทม., กรุงเทพมหานคร","โรงเรียนวัดแสมดำ, 40 ม.3 ถ.พระรามที่2 แขวงแสมด้า เขตบางขุนเทียน กทม., กรุงเทพมหานคร, ประเทศไทย"
b024e4074efe3ac6,โรงเรียนวัดหัวกระบือ,"89 ซอยเทียนทะเล 19 ถ.บางขุนเทียน-ชายทะเล แขวงท่าข้าม เขตบางขุนเทียน กทม., กรุงเทพมหานคร","โรงเรียนวัดหัวกระบือ, 89 ซอยเทียนทะเล 19 ถ.บางขุนเทียน-ชายทะเล แขวงท่าข้าม เขตบางขุนเทียน กทม., กรุงเทพมหานคร, ประเทศไทย"
41ae9326a1bc19e2,โรงเรียนศาลเจ้า (ห้าวนุกูลวิทยา),"53/10 หมู่ 6 แขวงแสมด้า เขตบางขุนเทียน กทม., กรุงเทพมหานคร","โรงเรียนศาลเจ้า (ห้าวนุกูลวิทยา), 53/10 หมู่ 6 แขวงแสมด้า เขตบางขุนเทียน กทม., กรุงเทพมหานคร, ประเทศไทย"
30cd2bbc921e057b,โรงเรียนหมู่บ้านเกาะโพธิ์,"22/3 หมู่ 10 แขวงแสมด้า เขตบางขุนเทียน กทม., กรุงเทพมหานคร","โรงเรียนหมู่บ้านเกาะโพธิ์, 22/3 หมู่ 10 แขวงแสมด้า เขตบางขุนเทียน กทม., กรุงเทพมหานคร, ประเทศไทย"
7539d336b3c336f8,โรงเรียนไทยนิยมสงเคราะห์,"79 หมู่ 3 ถ.พหลโยธิน แขวงอนุสาวรีย์ เขตบางเขน กทม., กรุงเทพมหานคร","โรงเรียนไทยนิยมสงเคราะห์, 79 หมู่ 3 ถ.พหลโยธิน แขวงอนุสาวรีย์ เขตบางเขน กทม., กรุงเทพมหานคร, ประเทศไทย"
b25d65f1766db891,โรงเรียนบ้านคลองบัว (เอี่ยมแสงโรจน์) เขตบางเขน,"112 หมู่ 6 ถ.รามอินทรา แขวงท่าแร้ง เขตบางเขน กทม., กรุงเทพมหานคร","โรงเรียนบ้านคลองบัว (เอี่ยมแสงโรจน์) เขตบางเขน, 112 หมู่ 6 ถ.รามอินทรา แขวงท่าแร้ง เขตบางเขน กทม., กรุงเทพมหานคร, ประเทศไทย"
ac9b5e0aa71f13c4,โรงเรียนบ้านบัวมล (เจริญราษฎร์อุทิศ),"59/1 หมู่ 2 ถ.สุขาภิบาล 5 แขวงท่าแร้ง เขตบางเขน กทม., กรุงเทพมหานคร","โรงเรียนบ้านบัวมล (เจริญราษฎร์อุทิศ), 59/1 หมู่ 2 ถ.สุขาภิบาล 5 แขวงท่าแร้ง เขตบางเขน กทม., กรุงเทพมหานคร, ประเทศไทย"
4ac501d8a957d62d,โรงเรียนประชาภิบาล,"11/15 หมู่ 3 แขวงอนุสาวรีย์ เขตบางเขน กทม., กรุงเทพมหานคร","โรงเรียนประชาภิบาล, 11/15 หมู่ 3 แขวงอนุสาวรีย์ เขตบางเขน กทม., กรุงเทพมหานคร, ประเทศไทย"
5a633924fa1b4280,โรงเรียนวัดไตรรัตนาราม,"3/1 ซอยวัดไตรรัตนาราม แขวงอนุสาวรีย์ เขตบางเขน กทม., กรุงเทพมหานคร","โรงเรียนวัดไตรรัตนาราม, 3/1 ซอยวัดไตรรัตนาราม แขวงอนุสาวรีย์ เขตบางเขน กทม., กรุงเทพมหานคร, ประเทศไทย"
f2b1de2486feaa0b,โรงเรียนวัดจันทร์นอก,"101/1ถ.พระราม 3 แขวงบางโคล่นอก เขตบางคอแหลม กทม., กรุงเทพมหานคร","โรงเรียนวัดจันทร์นอก, 101/1ถ.พระราม 3 แขวงบางโคล่นอก เขตบางคอแหลม กทม., กรุงเทพมหานคร, ประเทศไทย"
37f5c865d10fcd3c,โรงเรียนวัดจันทร์ใน,"449 ซ.ประดู่ 1 แขวงบางโคล่นอก เขตบางคอแหลม กทม., กรุงเทพมหานคร","โรงเรียนวัดจันทร์ใน, 449 ซ.ประดู่ 1 แขวงบางโคล่นอก เขตบางคอแหลม กทม., กรุงเทพมหานคร, ประเทศไทย"
8ace9c504e5240b4,โรงเรียนวัดไทร,"633 ซ.เจริญกรุง 107 แขวงบางโคล่ เขตบางคอแหลม กทม., กรุงเทพมหานคร","โรงเรียนวัดไทร, 633 ซ.เจริญกรุง 107 แขวงบางโคล่ เขตบางคอแหลม กทม., กรุงเทพมหานคร, ประเทศไทย"
2ae4182a8afdb155,โรงเรียนวัดบางโคล่นอก,"448/25 แขวงบางโคล่นอก เขตบางคอแหลม กทม., กรุงเทพมหานคร","โรงเรียนวัดบางโคล่นอก, 448/25 แขวงบางโคล่นอก เขตบางคอแหลม กทม., กรุงเทพมหานคร, ประเทศไทย"
31db20aedf6f0433,โรงเรียนวัดไผ่เงินโชตนาราม,"880 ถ. จันทร์ แขวงบางโคล่ เขตบางคอแหลม กทม., กรุงเทพมหานคร","โรงเรียนวัดไผ่เงินโชตนาราม, 880 ถ. จันทร์ แขวงบางโคล่ เขตบางคอแหลม กทม., กรุงเทพมหานคร, ประเทศไทย"
192f43a3eba9099e,โรงเรียนวัดราชสิงขร,"29 ถ.เจริญกรุง แขวงวัดพระยาไกร เขตบางคอแหลม กทม., กรุงเทพมหานคร","โรงเรียนวัดราชสิงขร, 29 ถ.เจริญกรุง แขวงวัดพระยาไกร เขตบางคอแหลม กทม., กรุงเทพมหานคร, ประเทศไทย"
5ef4b4f9db43a7c3,โรงเรียนวัดลาดบัวขาว,"504 ถ.เจริญกรุง แขวงบางคอแหลม เขตบางคอแหลม กทม., กรุงเทพมหานคร","โรงเรียนวัดลาดบัวขาว, 504 ถ.เจริญกรุง แขวงบางคอแหลม เขตบางคอแหลม กทม., กรุงเทพมหานคร, ประเทศไทย"
0334d329e85f6fbd,โรงเรียนคลองหนองใหญ่,"53 หมู่ 9 ถ.สุขาภิบาล 1 แขวงบางแค เขตบางแค กทม., กรุงเทพมหานคร","โรงเรียนคลองหนองใหญ่, 53 หมู่ 9 ถ.สุขาภิบาล 1 แขวงบางแค เขตบางแค กทม., กรุงเทพมหานคร, ประเทศไทย"
3fa941d318e56d5f,โรงเรียนบางแค (เนื่องสังวาลย์อนุสรณ์),"299 หมู่ 10 ถ.เพชรเกษม 51 แขวงบางแคเหนือ เขตบางแค กทม., กรุงเทพมหานคร","โรงเรียนบางแค (เนื่องสังวาลย์อนุสรณ์), 299 หมู่ 10 ถ.เพชรเกษม 51 แขวงบางแคเหนือ เขตบางแค กทม., กรุงเทพมหานคร, ประเทศไทย"
ec08ceb0201dcee0,โรงเรียนบางแคเหนือ,"21 หมู่ 1 ถ.เพชรเกษม 76/1 แขวงบางแคเหนือ เขตบางแค กทม., กรุงเทพมหานคร","โรงเรียนบางแคเหนือ, 21 หมู่ 1 ถ.เพชรเกษม 76/1 แขวงบางแคเหนือ เขตบางแค กทม., กรุงเทพมหานคร, ประเทศไทย"
e2a3c07a77733856,โรงเรียนบางเชือกหนัง,"หมู่ 7 ซ.วัฒนเสวี ถ.บางแวก แขวงบางไผ่ เขตบางแค กทม., กรุงเทพมหานคร","โรงเรียนบางเชือกหนัง, หมู่ 7 ซ.วัฒนเสวี ถ.บางแวก แขวงบางไผ่ เขตบางแค กทม., กรุงเทพมหานคร, ประเทศไทย"
e1fd23eb3dd3d63f,โรงเรียนบางไผ่ (บ้านนายพันแก้วขาว),"9 หมู่ 10 ซ.บางไผ่ แขวงบางไผ่ เขตบางแค กทม., กรุงเทพมหานคร","โรงเรียนบางไผ่ (บ้านนายพันแก้วขาว), 9 หมู่ 10 ซ.บางไผ่ แขวงบางไผ่ เขตบางแค กทม., กรุงเทพมหานคร, ประเทศไทย"
db35e54f58d6e829,โรงเรียนเพชรเกษม (จตุรงค์สงครามอนุสรณ์),"273 หมู่ 10 แขวงบางแค เขตบางแค กทม., กรุงเทพมหานคร","โรงเรียนเพชรเกษม (จตุรงค์สงครามอนุสรณ์), 273 หมู่ 10 แขวงบางแค เขตบางแค กทม., กรุงเทพมหานคร, ประเทศไทย"
2a4c61b49b75ab9e,โรงเรียนวัดบุณยประดิษฐ์,"115 หมู่ 2 แขวงบางไผ่ เขตบางแค กทม., กรุงเทพมหานคร","โรงเรียนวัดบุณยประดิษฐ์, 115 หมู่ 2 แขวงบางไผ่ เขตบางแค กทม., กรุงเทพมหานคร, ประเทศไทย"
605db00dd404de87,โรงเรียนวัดพรหมสุวรรณสามัคคี,"43/2 หมู่ 4 แขวงบางไผ่ เขตบางแค กทม., กรุงเทพมหานคร","โรงเรียนวัดพรหมสุวรรณสามัคคี, 43/2 หมู่ 4 แขวงบางไผ่ เขตบางแค กทม., กรุงเทพมหานคร, ประเทศไทย"
d4b72dcc7b114a95,โรงเรียนวัดม่วง,"8 หมู่ 2 ถ.เพชรเกษม แขวงหลักสอง เขตบางแค กทม., กรุงเทพมหานคร","โรงเรียนวัดม่วง, 8 หมู่ 2 ถ.เพชรเกษม แขวงหลักสอง เขตบางแค กทม., กรุงเทพมหานคร, ประเทศไทย"
26e265c594923e98,โรงเรียนวัดราษฎร์บำรุง (งามศิริวิทยาคาร),"10 หมู่ 4 ถ..เพชรเกษม 69 แขวงหลักสอง เขตบางแค กทม., กรุงเทพมหานคร","โรงเรียนวัดราษฎร์บำรุง (งามศิริวิทยาคาร), 10 หมู่ 4 ถ..เพชรเกษม 69 แขวงหลักสอง เขตบางแค กทม., กรุงเทพมหานคร, ประเทศไทย"
f2334c0ead1adbe5,โรงเรียนวัดศาลาแดง,"4 หมู่ 6 ถ.บางแวก แขวงบางไผ่ เขตบางแค กทม., กรุงเทพมหานคร","โรงเรียนวัดศาลาแดง, 4 หมู่ 6 ถ.บางแวก แขวงบางไผ่ เขตบางแค กทม., กรุงเทพมหานคร, ประเทศไทย"
e7bf8b0fe9de1a58,โรงเรียนหมู่บ้านเศรษฐกิจ (พุ่มประดับราษฎร์สามัคคี),"273 หมู่ 10 แขวงบางแค เขตบางแค กทม., กรุงเทพมหานคร","โรงเรียนหมู่บ้านเศรษฐกิจ (พุ่มประดับราษฎร์สามัคคี), 273 หมู่ 10 แขวงบางแค เขตบางแค กทม., กรุงเทพมหานคร, ประเทศไทย"
37e9b4988fe37b78,โรงเรียนวัดทองสุทธาราม,"278 ถ.กรุงเทพ-นนทบุรี แขวงวงศ์สว่าง เขตบางซื่อ กทม., กรุงเทพมหานคร","โรงเรียนวัดทองสุทธาราม, 278 ถ.กรุงเทพ-นนทบุรี แขวงวงศ์สว่าง เขตบางซื่อ กทม., กรุงเทพมหานคร, ประเทศไทย"
e1bae464bfed292a,โรงเรียนวัดบางโพโอมาวาส,"101 ถ.ประชาราษฎร์ สาย 1 แขวงบางซื่อ เขตบางซื่อ กทม., กรุงเทพมหานคร","โรงเรียนวัดบางโพโอมาวาส, 101 ถ.ประชาราษฎร์ สาย 1 แขวงบางซื่อ เขตบางซื่อ กทม., กรุงเทพมหานคร, ประเทศไทย"
9432d3b08b407076,โรงเรียนวัดประชาศรัทธาธรรม,"7102 ถ.วงศ์สว่าง แขวงบางซื่อ เขตบางซื่อ กทม., กรุงเทพมหานคร","โรงเรียนวัดประชาศรัทธาธรรม, 7102 ถ.วงศ์สว่าง แขวงบางซื่อ เขตบางซื่อ กทม., กรุงเทพมหานคร, ประเทศไทย"
3c0736de877f89cd,โรงเรียนวัดประดู่ธรรมาธิปัตย์,"104 ถ.ประชาราษฎร์ แขวงบางซื่อ เขตบางซื่อ กทม., กรุงเทพมหานคร","โรงเรียนวัดประดู่ธรรมาธิปัตย์, 104 ถ.ประชาราษฎร์ แขวงบางซื่อ เขตบางซื่อ กทม., กรุงเทพมหานคร, ประเทศไทย"
d64bb474ae8b4560,โรงเรียนวัดมัชฌันติการาม,"203 ถ.วงศ์สว่าง แขวงวงศ์สว่าง เขตบางซื่อ กทม., กรุงเทพมหานคร","โรงเรียนวัดมัชฌันติการาม, 203 ถ.วงศ์สว่าง แขวงวงศ์สว่าง เขตบางซื่อ กทม., กรุงเทพมหานคร, ประเทศไทย"
60121fae20c98e76,โรงเรียนวัดเลียบราษฎร์บำรุง,"1451/1 ซอยจงสุข แขวงวงศ์สว่าง เขตบางซื่อ กทม., กรุงเทพมหานคร","โรงเรียนวัดเลียบราษฎร์บำรุง, 1451/1 ซอยจงสุข แขวงวงศ์สว่าง เขตบางซื่อ กทม., กรุงเทพมหานคร, ประเทศไทย"
e1af706944b12b47,โรงเรียนวัดสร้อยทอง,"1333 ถ.ประชาราษฎร์ สาย 1 แขวงบางซื่อ เขตบางซื่อกทม., กรุงเทพมหานคร","โรงเรียนวัดสร้อยทอง, 1333 ถ.ประชาราษฎร์ สาย 1 แขวงบางซื่อ เขตบางซื่อกทม., กรุงเทพมหานคร, ประเทศไทย"
a16532ec93b136f3,โรงเรียนผ่องพลอยอนุสรณ์,"3/1 หมู่ 7 ซ.ศรีพงษ์ แขวงบางนา เขตบางนา กทม., กรุงเทพมหานคร","โรงเรียนผ่องพลอยอนุสรณ์, 3/1 หมู่ 7 ซ.ศรีพงษ์ แขวงบางนา เขตบางนา กทม., กรุงเทพมหานคร, ประเทศไทย"
7ed9945d7ebf0148,โรงเรียนเพี้ยนพินอนุสรณ์,"27/799 แขวงบางนา เขตบางนา กทม., กรุงเทพมหานคร","โรงเรียนเพี้ยนพินอนุสรณ์, 27/799 แขวงบางนา เขตบางนา กทม., กรุงเทพมหานคร, ประเทศไทย"
972e8b44368d5699,โรงเรียนรุ่งเรืองอุปถัมภ์,"122 ถ.สุขุมวิท แขวงบางนา เขตบางนา กทม., กรุงเทพมหานคร","โรงเรียนรุ่งเรืองอุปถัมภ์, 122 ถ.สุขุมวิท แขวงบางนา เขตบางนา กทม., กรุงเทพมหานคร, ประเทศไทย"
a1ce2959a8ca2414,โรงเรียนวัดบางนานอก,"ถ.สรรพาวุธ แขวงบางนา เขตบางนา กทม., กรุงเทพมหานคร","โรงเรียนวัดบางนานอก, ถ.สรรพาวุธ แขวงบางนา เขตบางนา กทม., กรุงเทพมหานคร, ประเทศไทย"
853e6888c3f56a74,โรงเรียนวัดบางนาใน,"200 ถ.สุขุมวิท แขวงบางนา เขตบางนา กทม., กรุงเทพมหานคร","โรงเรียนวัดบางนาใน, 200 ถ.สุขุมวิท แขวงบางนา เขตบางนา กทม., กรุงเทพมหานคร, ประเทศไทย"
b499d7158587d1f9,โรงเรียนศรีเอี่ยมอนุสรณ์,"หมู่ 11 ถ.บางนา-ตราด แขวงบางนา เขตบางนา กทม., กรุงเทพมหานคร","โรงเรียนศรีเอี่ยมอนุสรณ์, หมู่ 11 ถ.บางนา-ตราด แขวงบางนา เขตบางนา กทม., กรุงเทพมหานคร, ประเทศไทย"
1d9c9659c0dfacaa,โรงเรียนอำนวยกนกศิริอนุสรณ์,"1007/7 หมู่ 12 ซ.อุดมสุข 26 แขวงบางนา เขตบางนา กทม., กรุงเทพมหานคร","โรงเรียนอำนวยกนกศิริอนุสรณ์, 1007/7 หมู่ 12 ซ.อุดมสุข 26 แขวงบางนา เขตบางนา กทม., กรุงเทพมหานคร, ประเทศไทย"
3ff2914f21c622ed,โรงเรียนบ้านนายผล (แม้นสุวรรณอุปถัมภ์),"39/2 หมู่ 2 ถ.เอกชัย แขวงบางบอน เขตบางบอน กทม., กรุงเทพมหานคร","โรงเรียนบ้านนายผล (แม้นสุวรรณอุปถัมภ์), 39/2 หมู่ 2 ถ.เอกชัย แขวงบางบอน เขตบางบอน กทม., กรุงเทพมหานคร, ประเทศไทย"
fe8171134e074180,โรงเรียนบ้านนายสี,"77/4 หมู่ 10 ถ.เอกชัย แขวงบางบอน เขตบางบอน กทม., กรุงเทพมหานคร","โรงเรียนบ้านนายสี, 77/4 หมู่ 10 ถ.เอกชัย แขวงบางบอน เขตบางบอน กทม., กรุงเทพมหานคร, ประเทศไทย"
49f1764e5b795ac6,โรงเรียนบ้านนายเหรียญ,"10/10 หมู่ 11 ถ.บางบอน3 แขวงบางบอน เขตบางบอน กทม., กรุงเทพมหานคร","โรงเรียนบ้านนายเหรียญ, 10/10 หมู่ 11 ถ.บางบอน3 แขวงบางบอน เขตบางบอน กทม., กรุงเทพมหานคร, ประเทศไทย"
e9846b3dcbd0b2d0,โรงเรียนพรหมราษฎร์รังสรรค์,"59 หมู่ 5 ถ.เอกชัย แขวงบางบอน เขตบางบอน กทม., กรุงเทพมหานคร","โรงเรียนพรหมราษฎร์รังสรรค์, 59 หมู่ 5 ถ.เอกชัย แขวงบางบอน เขตบางบอน กทม., กรุงเทพมหานคร, ประเทศไทย"
086c9a45a2cd517e,โรงเรียนพระยามนธาตุ ราชศรีพิจิตร์,"89 หมู่ 7 ถ.บางขุนเทียน แขวงบางบอน เขตบางบอน กทม., กรุงเทพมหานคร","โรงเรียนพระยามนธาตุ ราชศรีพิจิตร์, 89 หมู่ 7 ถ.บางขุนเทียน แขวงบางบอน เขตบางบอน กทม., กรุงเทพมหานคร, ประเทศไทย"
d9d5fae5d59bd1fb,โรงเรียนวัดนินสุขาราม,"94/1 หมู่ 10 ถ.เอกชัย แขวงบางบอน เขตบางบอน กทม., กรุงเทพมหานคร","โรงเรียนวัดนินสุขาราม, 94/1 หมู่ 10 ถ.เอกชัย แขวงบางบอน เขตบางบอน กทม., กรุงเทพมหานคร, ประเทศไทย"
fffba590ba8d435b,โรงเรียนวัดบางบอน,"33/1 หมู่ 3 ถ.เอกชัย แขวงบางบอน เขตบางบอน บางบอน, กรุงเทพมหานคร","โรงเรียนวัดบางบอน, 33/1 หมู่ 3 ถ.เอกชัย แขวงบางบอน เขตบางบอน บางบอน, กรุงเทพมหานคร, ประเทศไทย"
5aae5320824afb05,โรงเรียนสถานีพรมแดน,"23 หมู่ 3 ถ.เอกชัย แขวงบางบอน เขตบางบอน บางบอน, กรุงเทพมหานคร","โรงเรียนสถานีพรมแดน, 23 หมู่ 3 ถ.เอกชัย แขวงบางบอน เขตบางบอน บางบอน, กรุงเทพมหานคร, ประเทศไทย"
8d60899d4e00b701,โรงเรียนคงโครัดอุทิศ,"ซอยเอกชัย 50 ถ.เอกชัย แขวงบางบอน เขตบางบอน กทม., กรุงเทพมหานคร","โรงเรียนคงโครัดอุทิศ, ซอยเอกชัย 50 ถ.เอกชัย แขวงบางบอน เขตบางบอน กทม., กรุงเทพมหานคร, ประเทศไทย"
b599850946c46eb3,โรงเรียนบางยี่ขันวิทยาคม,"165 ซ.จรัญสนิทวงศ์ 42 แขวงบางยี่ขัน เขตบางพลัด กทม., กรุงเทพมหานคร","โรงเรียนบางยี่ขันวิทยาคม, 165 ซ.จรัญสนิทวงศ์ 42 แขวงบางยี่ขัน เขตบางพลัด กทม., กรุงเทพมหานคร, ประเทศไทย"
cde95ccf23a44f06,โรงเรียนวัดคฤหบดี (จันทรสถิตย์),"707 ซ.จรัญสนิทวงศ์ 44 แขวงบางยี่ขัน เขตบางพลัด กทม., กรุงเทพมหานคร","โรงเรียนวัดคฤหบดี (จันทรสถิตย์), 707 ซ.จรัญสนิทวงศ์ 44 แขวงบางยี่ขัน เขตบางพลัด กทม., กรุงเทพมหานคร, ประเทศไทย"
19be784be1880051,โรงเรียนวัดฉัตรแก้วจงกลณี,"110 ซ.จรัญสนิทวงศ์ 94 แขวงบางอ้อ เขตบางพลัด กทม., กรุงเทพมหานคร","โรงเรียนวัดฉัตรแก้วจงกลณี, 110 ซ.จรัญสนิทวงศ์ 94 แขวงบางอ้อ เขตบางพลัด กทม., กรุงเทพมหานคร, ประเทศไทย"
f7fe56e68b3b3288,โรงเรียนวัดเทพากร (เลี่ยมมาตุทิศ),"583 ซ.จรัญสนิทวงศ์ 68 แขวงบางพลัด เขตบางพลัด กทม., กรุงเทพมหานคร","โรงเรียนวัดเทพากร (เลี่ยมมาตุทิศ), 583 ซ.จรัญสนิทวงศ์ 68 แขวงบางพลัด เขตบางพลัด กทม., กรุงเทพมหานคร, ประเทศไทย"
6c0f26838b473ad5,โรงเรียนวัดบางพลัด (ป.สุวณโณ),"821 ถ.จรัญสนิทวงศ์ 79 แขวงบางพลัด เขตบางพลัด กทม., กรุงเทพมหานคร","โรงเรียนวัดบางพลัด (ป.สุวณโณ), 821 ถ.จรัญสนิทวงศ์ 79 แขวงบางพลัด เขตบางพลัด กทม., กรุงเทพมหานคร, ประเทศไทย"
d8e48ca835bef8da,โรงเรียนวัดเปาโรหิตย์,"396 ถ.จรัญสนิทวงศ์ แขวงบางพลัด เขตบางพลัด กทม., กรุงเทพมหานคร","โรงเรียนวัดเปาโรหิตย์, 396 ถ.จรัญสนิทวงศ์ แขวงบางพลัด เขตบางพลัด กทม., กรุงเทพมหานคร, ประเทศไทย"
e10adca970d13ef1,โรงเรียนวัดรวก,"1158 ซ.จรัญสนิทวงศ์ 57 แขวงบางบ้าหรุ เขตบางพลัด กทม., กรุงเทพมหานคร","โรงเรียนวัดรวก, 1158 ซ.จรัญสนิทวงศ์ 57 แขวงบางบ้าหรุ เขตบางพลัด กทม., กรุงเทพมหานคร, ประเทศไทย"
9c698810188254fc,โรงเรียนวัดวิมุตยาราม,"13 ซ.จรัญสนิทวงศ์ 98 แขวงบางอ้อ เขตบางพลัด กทม., กรุงเทพมหานคร","โรงเรียนวัดวิมุตยาราม, 13 ซ.จรัญสนิทวงศ์ 98 แขวงบางอ้อ เขตบางพลัด กทม., กรุงเทพมหานคร, ประเทศไทย"
d71f88e0dec232d5,โรงเรียนวัดพระยาศิริไอยสวรรค์,"482/12 แขวงบางยี่ขัน เขตบางพลัด กทม., กรุงเทพมหานคร","โรงเรียนวัดพระยาศิริไอยสวรรค์, 482/12 แขวงบางยี่ขัน เขตบางพลัด กทม., กรุงเทพมหานคร, ประเทศไทย"
c9b82a7cd42cec88,โรงเรียนวัดสามัคคีสุทธาวาส,"510 ถ.จรัญสนิทวงศ์ 85 แขวงบางอ้อ เขตบางพลัด กทม., กรุงเทพมหานคร","โรงเรียนวัดสามัคคีสุทธาวาส, 510 ถ.จรัญสนิทวงศ์ 85 แขวงบางอ้อ เขตบางพลัด กทม., กรุงเทพมหานคร, ประเทศไทย"
840aac9b2f8c44ec,โรงเรียนวัดอาวุธวิกสิตาราม,"139 ซ.จรัญสนิทวงศ์ 72 แขวงบางพลัด เขตบางพลัด กทม., กรุงเทพมหานคร","โรงเรียนวัดอาวุธวิกสิตาราม, 139 ซ.จรัญสนิทวงศ์ 72 แขวงบางพลัด เขตบางพลัด กทม., กรุงเทพมหานคร, ประเทศไทย"
8c5a51e40cde1aff,โรงเรียนวัดแก้วแจ่มฟ้า,"562 ถ.สี่พระยา แขวงมหาพฤฒาราม เขตบางรัก กทม., กรุงเทพมหานคร","โรงเรียนวัดแก้วแจ่มฟ้า, 562 ถ.สี่พระยา แขวงมหาพฤฒาราม เขตบางรัก กทม., กรุงเทพมหานคร, ประเทศไทย"
a760254b0db62197,โรงเรียนวัดม่วงแค,"30 ถ.เจริญกรุง แขวงบางรัก เขตบางรัก กทม., กรุงเทพมหานคร","โรงเรียนวัดม่วงแค, 30 ถ.เจริญกรุง แขวงบางรัก เขตบางรัก กทม., กรุงเทพมหานคร, ประเทศไทย"
83561aa78f641660,โรงเรียนวัดมหาพฤฒาราม,"44 ถ.สี่พระยา แขวงมหาพฤฒาราม เขตบางรัก กทม., กรุงเทพมหานคร","โรงเรียนวัดมหาพฤฒาราม, 44 ถ.สี่พระยา แขวงมหาพฤฒาราม เขตบางรัก กทม., กรุงเทพมหานคร, ประเทศไทย"
3466221c299d79df,โรงเรียนวัดสวนพลู,"58/1 ถ.เจริญกรุง แขวงบางรัก เขตบางรัก กทม., กรุงเทพมหานคร","โรงเรียนวัดสวนพลู, 58/1 ถ.เจริญกรุง แขวงบางรัก เขตบางรัก กทม., กรุงเทพมหานคร, ประเทศไทย"
834ab17fd4a0fed5,โรงเรียนวัดหัวลำโพง,"728/1 ถ.พระราม 4 แขวงสี่พระยา เขตบางรัก กทม., กรุงเทพมหานคร","โรงเรียนวัดหัวลำโพง, 728/1 ถ.พระราม 4 แขวงสี่พระยา เขตบางรัก กทม., กรุงเทพมหานคร, ประเทศไทย"
890e4a9be50e7df5,โรงเรียนคลองกุ่ม,"109/4 หมู่ 4 ถ.เสรีไทย แขวงคลองกุ่ม เขตบึงกุ่ม กทม., กรุงเทพมหานคร","โรงเรียนคลองกุ่ม, 109/4 หมู่ 4 ถ.เสรีไทย แขวงคลองกุ่ม เขตบึงกุ่ม กทม., กรุงเทพมหานคร, ประเทศไทย"
2a2911e3abc87c5e,โรงเรียนคลองลำเจียก,"33/4 หมู่ 9 ถ.เกษตรนวมินทร์ แขวงนวมินทร์ เขตบึง กทม., กรุงเทพมหานคร","โรงเรียนคลองลำเจียก, 33/4 หมู่ 9 ถ.เกษตรนวมินทร์ แขวงนวมินทร์ เขตบึง กทม., กรุงเทพมหานคร, ประเทศไทย"
a1c48dd7c7797832,โรงเรียนประภาสวิทยา,"30/117 หมู่ 13 ถ.นวมินทร์42 แขวงคลองกุ่ม เขตบึงกุ่มกทม., กรุงเทพมหานคร","โรงเรียนประภาสวิทยา, 30/117 หมู่ 13 ถ.นวมินทร์42 แขวงคลองกุ่ม เขตบึงกุ่มกทม., กรุงเทพมหานคร, ประเทศไทย"
e8bcfe5949091289,โรงเรียนพิชัยพัฒนา,"87/82 ถ. เสรีไทย แขวงคลองกุ่ม เขตบึงกุ่ม กทม., กรุงเทพมหานคร","โรงเรียนพิชัยพัฒนา, 87/82 ถ. เสรีไทย แขวงคลองกุ่ม เขตบึงกุ่ม กทม., กรุงเทพมหานคร, ประเทศไทย"
270676ba1837aad3,โรงเรียนแย้มจาดวิชชานุสรณ์,"39/359ม.11 ถ.นวมินทร์ แขวงนวลจันทร์ เขตบึงกุ่ม กทม., กรุงเทพมหานคร","โรงเรียนแย้มจาดวิชชานุสรณ์, 39/359ม.11 ถ.นวมินทร์ แขวงนวลจันทร์ เขตบึงกุ่ม กทม., กรุงเทพมหานคร, ประเทศไทย"
4524492608cca82a,โรงเรียนวัดนวลจันทร์,"43/4 ซ.รามอินทรา40 แขวงนวลจันทร์ เขตบึงกุ่ม กทม., กรุงเทพมหานคร","โรงเรียนวัดนวลจันทร์, 43/4 ซ.รามอินทรา40 แขวงนวลจันทร์ เขตบึงกุ่ม กทม., กรุงเทพมหานคร, ประเทศไทย"
fb9b275530e0e5f2,โรงเรียนวัดบางเตย,"39 หมู่ 6 ถ. นวมินทร์ แขวงคลองกุ่ม เขตบึงกุ่ม กทม., กรุงเทพมหานคร","โรงเรียนวัดบางเตย, 39 หมู่ 6 ถ. นวมินทร์ แขวงคลองกุ่ม เขตบึงกุ่ม กทม., กรุงเทพมหานคร, ประเทศไทย"
0b0a63d713eb3394,โรงเรียนวัดพิชัย,"30/1 หมู่ 1 ถ.เสรีไทย แขวงคลองกุ่ม เขตบึงกุ่ม กทม., กรุงเทพมหานคร","โรงเรียนวัดพิชัย, 30/1 หมู่ 1 ถ.เสรีไทย แขวงคลองกุ่ม เขตบึงกุ่ม กทม., กรุงเทพมหานคร, ประเทศไทย"
b26c178dfdded4f3,โรงเรียนวัดบรมนิวาส,"2/1 ถ.พระราม 1 แขวงรองเมือง เขตปทุมวัน กทม., กรุงเทพมหานคร","โรงเรียนวัดบรมนิวาส, 2/1 ถ.พระราม 1 แขวงรองเมือง เขตปทุมวัน กทม., กรุงเทพมหานคร, ประเทศไทย"
aff267701fc7771e,โรงเรียนปลูกจิต,"99 ซอยปลูกจิตต์ แขวงลุมพินี เขตปทุมวัน กทม., กรุงเทพมหานคร","โรงเรียนปลูกจิต, 99 ซอยปลูกจิตต์ แขวงลุมพินี เขตปทุมวัน กทม., กรุงเทพมหานคร, ประเทศไทย"
7802e7ea64069c85,โรงเรียนวัดชัยมงคล,"437 ถ.พระราม 1 แขวงรองเมือง เขตปทุมวัน กทม., กรุงเทพมหานคร","โรงเรียนวัดชัยมงคล, 437 ถ.พระราม 1 แขวงรองเมือง เขตปทุมวัน กทม., กรุงเทพมหานคร, ประเทศไทย"
4272f030fd67e1c7,โรงเรียนวัดดวงแข,"86 ถ.จารุเมือง แขวงรองเมือง เขตปทุมวัน กทม., กรุงเทพมหานคร","โรงเรียนวัดดวงแข, 86 ถ.จารุเมือง แขวงรองเมือง เขตปทุมวัน กทม., กรุงเทพมหานคร, ประเทศไทย"
460c4cfe87aaece2,โรงเรียนวัดปทุมวนาราม ในพระราชูปถัมภ์ สมเด็จพระเทพรัตนราชสุดาฯ สยามบรมราชกุมารี,"969/1 ถ.พระราม 1 แขวงปทุมวัน เขตปทุมวัน กทม., กรุงเทพมหานคร","โรงเรียนวัดปทุมวนาราม ในพระราชูปถัมภ์ สมเด็จพระเทพรัตนราชสุดาฯ สยามบรมราชกุมารี, 969/1 ถ.พระราม 1 แขวงปทุมวัน เขตปทุมวัน กทม., กรุงเทพมหานคร, ประเทศไทย"
a45d97c34a3bbbfe,โรงเรียนวัดสระบัว,"6 ถ.พระราม1 แขวงรองเมือง เขตปทุมวัน กทม., กรุงเทพมหานคร","โรงเรียนวัดสระบัว, 6 ถ.พระราม1 แขวงรองเมือง เขตปทุมวัน กทม., กรุงเทพมหานคร, ประเทศไทย"
fd6155ae9711235b,โรงเรียนสวนลุมพินี,"196 ถ.วิทยุ แขวงลุมพินี เขตปทุมวัน กทม., กรุงเทพมหานคร","โรงเรียนสวนลุมพินี, 196 ถ.วิทยุ แขวงลุมพินี เขตปทุมวัน กทม., กรุงเทพมหานคร, ประเทศไทย"
f1b8a6b514a0191a,โรงเรียนแก่นทองอุปถัมภ์,"14 หมู่ 7 ถ.ศรีนครินทร์ แขวงหนองบอน เขตประเวศ กทม., กรุงเทพมหานคร","โรงเรียนแก่นทองอุปถัมภ์, 14 หมู่ 7 ถ.ศรีนครินทร์ แขวงหนองบอน เขตประเวศ กทม., กรุงเทพมหานคร, ประเทศไทย"
3d401c2cd656d78f,โรงเรียนคชเผือกอนุสรณ์,"18 หมู่ 1 ถ.สุขุมวิท แขวงดอกไม้ เขตประเวศ กทม., กรุงเทพมหานคร","โรงเรียนคชเผือกอนุสรณ์, 18 หมู่ 1 ถ.สุขุมวิท แขวงดอกไม้ เขตประเวศ กทม., กรุงเทพมหานคร, ประเทศไทย"
a865e21fdf9a8aec,โรงเรียนคลองปักหลัก,"28 หมู่ 6 แขวงดอกไม้ เขตประเวศ กทม., กรุงเทพมหานคร","โรงเรียนคลองปักหลัก, 28 หมู่ 6 แขวงดอกไม้ เขตประเวศ กทม., กรุงเทพมหานคร, ประเทศไทย"
7b70e59c80435e6c,โรงเรียนคลองมะขามเทศ,"1/2 หมู่ 1 ถ.สุขาภิบาล 1 แขวงดอกไม้ เขตประเวศ กทม., กรุงเทพมหานคร","โรงเรียนคลองมะขามเทศ, 1/2 หมู่ 1 ถ.สุขาภิบาล 1 แขวงดอกไม้ เขตประเวศ กทม., กรุงเทพมหานคร, ประเทศไทย"
6767f565662a7e67,โรงเรียนงามมานะ (แผน-ทับอุทิศ),"10/1 หมุ่ 6 ถ. อ่อนนุช แขวงประเวศ เขตประเวศ กทม., กรุงเทพมหานคร","โรงเรียนงามมานะ (แผน-ทับอุทิศ), 10/1 หมุ่ 6 ถ. อ่อนนุช แขวงประเวศ เขตประเวศ กทม., กรุงเทพมหานคร, ประเทศไทย"
57addd649cb4aec8,โรงเรียนมัธยมสุวิทย์เสรีอนุสรณ์,"10/11 หมู่ 11 แขวงประเวศ เขตประเวศ กทม., กรุงเทพมหานคร","โรงเรียนมัธยมสุวิทย์เสรีอนุสรณ์, 10/11 หมู่ 11 แขวงประเวศ เขตประเวศ กทม., กรุงเทพมหานคร, ประเทศไทย"
a58c02aba0e67aef,โรงเรียนวัดกระทุ่มเสือปลา,"6 หมู่ 3 ซ.อ่อนนุช 67 แขวงประเวศ เขตประเวศ กทม., กรุงเทพมหานคร","โรงเรียนวัดกระทุ่มเสือปลา, 6 หมู่ 3 ซ.อ่อนนุช 67 แขวงประเวศ เขตประเวศ กทม., กรุงเทพมหานคร, ประเทศไทย"
9c9020d4bd118473,โรงเรียนวัดตะกล่ำ,"26 หมู่ 3 แขวงหนองบอน เขตประเวศ กทม., กรุงเทพมหานคร","โรงเรียนวัดตะกล่ำ, 26 หมู่ 3 แขวงหนองบอน เขตประเวศ กทม., กรุงเทพมหานคร, ประเทศไทย"
f7583261ea672d8b,โรงเรียนสุวิทย์เสรีอนุสรณ์,"10/11 หมู่ 11 แขวงประเวศ เขตประเวศ กทม., กรุงเทพมหานคร","โรงเรียนสุวิทย์เสรีอนุสรณ์, 10/11 หมู่ 11 แขวงประเวศ เขตประเวศ กทม., กรุงเทพมหานคร, ประเทศไทย"
6c9cb00136fa67c6,โรงเรียนสุเหร่าจรเข้ขบ,"33 หมู่ 8 แขวงประเวศ เขตประเวศ กทม., กรุงเทพมหานคร","โรงเรียนสุเหร่าจรเข้ขบ, 33 หมู่ 8 แขวงประเวศ เขตประเวศ กทม., กรุงเทพมหานคร, ประเทศไทย"
372d96912861cb40,โรงเรียนสุเหร่าทับช้าง,"354 หมู่ 3 กรุงเทพ-ชลบุรี แขวงประเวศ เขตประเวศ กทม., กรุงเทพมหานคร","โรงเรียนสุเหร่าทับช้าง, 354 หมู่ 3 กรุงเทพ-ชลบุรี แขวงประเวศ เขตประเวศ กทม., กรุงเทพมหานคร, ประเทศไทย"
2bee55d78842d2ca,โรงเรียนสุเหร่าทางควาย,"9/4 หมู่ 5 ถ.สุขุมวิท แขวงประเวศ เขตประเวศ กทม., กรุงเทพมหานคร","โรงเรียนสุเหร่าทางควาย, 9/4 หมู่ 5 ถ.สุขุมวิท แขวงประเวศ เขตประเวศ กทม., กรุงเทพมหานคร, ประเทศไทย"
1843b9efce2bfbdd,โรงเรียนสุเหร่าบ้านม้า,"325 หมู่ 5 ถ. มอเตอร์เวย์ แขวงประเวศ เขตประเวศ กทม., กรุงเทพมหานคร","โรงเรียนสุเหร่าบ้านม้า, 325 หมู่ 5 ถ. มอเตอร์เวย์ แขวงประเวศ เขตประเวศ กทม., กรุงเทพมหานคร, ประเทศไทย"
c4024efddd0f44bd,โรงเรียนสุเหร่าบึงหนองบอน,"213 หมู่ 11 ถ.อ่อนนุช70 แขวงประเวศ เขตประเวศ กทม., กรุงเทพมหานคร","โรงเรียนสุเหร่าบึงหนองบอน, 213 หมู่ 11 ถ.อ่อนนุช70 แขวงประเวศ เขตประเวศ กทม., กรุงเทพมหานคร, ประเทศไทย"
3949d812857b97d3,โรงเรียนสุเหร่าศาลาลอย,"36 หมู่ 10 ถ.อ่อนนุช 72 แขวงประเวศ เขตประเวศ กทม., กรุงเทพมหานคร","โรงเรียนสุเหร่าศาลาลอย, 36 หมู่ 10 ถ.อ่อนนุช 72 แขวงประเวศ เขตประเวศ กทม., กรุงเทพมหานคร, ประเทศไทย"
a5736e6066cd6ade,โรงเรียนอยู่เป็นสุขอนุสรณ์,"10 หมู่1 ถ.ศรีนครินทร์ แขวงหนองบอน เขตประเวศ กทม., กรุงเทพมหานคร","โรงเรียนอยู่เป็นสุขอนุสรณ์, 10 หมู่1 ถ.ศรีนครินทร์ แขวงหนองบอน เขตประเวศ กทม., กรุงเทพมหานคร, ประเทศไทย"
2f8772fb417e131d,โรงเรียนวัดคณิกาผล,"405/1 ถ.มังกร แขวงป้อมปราบฯ เขตป้อมปราบฯ กทม., กรุงเทพมหานคร","โรงเรียนวัดคณิกาผล, 405/1 ถ.มังกร แขวงป้อมปราบฯ เขตป้อมปราบฯ กทม., กรุงเทพมหานคร, ประเทศไทย"
03b0d33edebbfba2,โรงเรียนวัดดิสานุการาม,"ถ.วรจักร แขวงเทพศิรินทร์ เขตป้อมปราบฯ กทม., กรุงเทพมหานคร","โรงเรียนวัดดิสานุการาม, ถ.วรจักร แขวงเทพศิรินทร์ เขตป้อมปราบฯ กทม., กรุงเทพมหานคร, ประเทศไทย"
6ce362f99c6c6f1f,โรงเรียนวัดพระพิเรนทร์,"326 คลองถม แขวงบ้านบาตร เขตป้อมปราบฯ กทม., กรุงเทพมหานคร","โรงเรียนวัดพระพิเรนทร์, 326 คลองถม แขวงบ้านบาตร เขตป้อมปราบฯ กทม., กรุงเทพมหานคร, ประเทศไทย"
fd35d9c8d9cfa6de,โรงเรียนวัดสิตาราม,"21/2 ถ.ด้ารงรักษ์ แขวงมหานาค เขตป้อมปราบฯ กทม., กรุงเทพมหานคร","โรงเรียนวัดสิตาราม, 21/2 ถ.ด้ารงรักษ์ แขวงมหานาค เขตป้อมปราบฯ กทม., กรุงเทพมหานคร, ประเทศไทย"
58fe536dae0090c5,โรงเรียนวัดไผ่ตัน,"64/1 หมู่ 4 ถ.พหลโยธิน แขวงสามเสนใน เขตพญาไท กทม., กรุงเทพมหานคร","โรงเรียนวัดไผ่ตัน, 64/1 หมู่ 4 ถ.พหลโยธิน แขวงสามเสนใน เขตพญาไท กทม., กรุงเทพมหานคร, ประเทศไทย"
0d6af853caa52413,โรงเรียนราชบพิธ,"29 ถ.ราชบพิธ แขวงราชบพิธ เขตพระนคร กทม., กรุงเทพมหานคร","โรงเรียนราชบพิธ, 29 ถ.ราชบพิธ แขวงราชบพิธ เขตพระนคร กทม., กรุงเทพมหานคร, ประเทศไทย"
c2f2fdf7beb66a58,โรงเรียนวัดตรีทศเทพ,"165 ถ.ประชาธิปัตย์ แขวงบ้านพานถม เขตพระนคร กทม., กรุงเทพมหานคร","โรงเรียนวัดตรีทศเทพ, 165 ถ.ประชาธิปัตย์ แขวงบ้านพานถม เขตพระนคร กทม., กรุงเทพมหานคร, ประเทศไทย"
e290a6680cc95986,โรงเรียนวัดพระเชตุพน,"2 ถ.สนามไชย แขวงพระบรมมหาราชวัง เขตพระนคร กทม., กรุงเทพมหานคร","โรงเรียนวัดพระเชตุพน, 2 ถ.สนามไชย แขวงพระบรมมหาราชวัง เขตพระนคร กทม., กรุงเทพมหานคร, ประเทศไทย"
a29d5508cbb7a505,โรงเรียนวัดมกุฏกษัตริยาราม,"330/2 ถ.กรุงเกษม แขวงบางขุนพรหม เขตพระนคร กทม., กรุงเทพมหานคร","โรงเรียนวัดมกุฏกษัตริยาราม, 330/2 ถ.กรุงเกษม แขวงบางขุนพรหม เขตพระนคร กทม., กรุงเทพมหานคร, ประเทศไทย"
3f4d7244b17456cf,โรงเรียนวัดมหรรณพาราม ในพระราชูปถัมภ์ สมเด็จพระเทพรัตนราชสุดาฯ สยามบรมราชกุมารี,"261/1 ถ.ตะนาว แขวงเสาชิงช้า เขตพระนคร กทม., กรุงเทพมหานคร","โรงเรียนวัดมหรรณพาราม ในพระราชูปถัมภ์ สมเด็จพระเทพรัตนราชสุดาฯ สยามบรมราชกุมารี, 261/1 ถ.ตะนาว แขวงเสาชิงช้า เขตพระนคร กทม., กรุงเทพมหานคร, ประเทศไทย"
a7c9d31f265857dd,โรงเรียนวัดมหาธาตุ,"3/1 ถ.หน้าพระธาตุ แขวงพระบรมมหาราชวัง เขตพระนคร กทม., กรุงเทพมหานคร","โรงเรียนวัดมหาธาตุ, 3/1 ถ.หน้าพระธาตุ แขวงพระบรมมหาราชวัง เขตพระนคร กทม., กรุงเทพมหานคร, ประเทศไทย"
24ce1866c1cfed70,โรงเรียนวัดราชนัดดา,"2 ถ.มหาไชย แขวงบวรนิเวศ เขตพระนคร กทม., กรุงเทพมหานคร","โรงเรียนวัดราชนัดดา, 2 ถ.มหาไชย แขวงบวรนิเวศ เขตพระนคร กทม., กรุงเทพมหานคร, ประเทศไทย"
c58b7b1c28b53d37,โรงเรียนวัดราชบูรณะ,"133/18 ถ.ตรีเพชร แขวงวังบูรพาภิรมย์ เขตพระนคร กทม., กรุงเทพมหานคร","โรงเรียนวัดราชบูรณะ, 133/18 ถ.ตรีเพชร แขวงวังบูรพาภิรมย์ เขตพระนคร กทม., กรุงเทพมหานคร, ประเทศไทย"
1db243227c6bdd2e,โรงเรียนวัดสุทัศน์,"18/1 ถ.อุณากรรณ แขวงวัดราชบพิธ เขตพระนคร กทม., กรุงเทพมหานคร","โรงเรียนวัดสุทัศน์, 18/1 ถ.อุณากรรณ แขวงวัดราชบพิธ เขตพระนคร กทม., กรุงเทพมหานคร, ประเทศไทย"
10aef98551121654,โรงเรียนวัดใหม่อมตรส,"132 ถ.สามเสน แขวงพานถม เขตพระนคร กทม., กรุงเทพมหานคร","โรงเรียนวัดใหม่อมตรส, 132 ถ.สามเสน แขวงพานถม เขตพระนคร กทม., กรุงเทพมหานคร, ประเทศไทย"
1082f5fc40514a91,โรงเรียนวัดอินทรวิหาร,"1 ถ.วิสุทธิกษัตริย์ แขวงบางขุนพรหม เขตพระนคร กทม., กรุงเทพมหานคร","โรงเรียนวัดอินทรวิหาร, 1 ถ.วิสุทธิกษัตริย์ แขวงบางขุนพรหม เขตพระนคร กทม., กรุงเทพมหานคร, ประเทศไทย"
4dab509b68572988,โรงเรียนบางจาก (นาคเผื่อนอุปถัมภ์),"263 ซ.สายทิพย์ ถ.สุขุมวิท 56 แขวงบางจาก เขตพระโขนง กทม., กรุงเทพมหานคร","โรงเรียนบางจาก (นาคเผื่อนอุปถัมภ์), 263 ซ.สายทิพย์ ถ.สุขุมวิท 56 แขวงบางจาก เขตพระโขนง กทม., กรุงเทพมหานคร, ประเทศไทย"
8963fc1363b93cb6,โรงเรียนพูนสิน (เพชรสุขอุปถัมภ์),"1000 ซ.พูนสิน ถ.สุขุมวิท 66/1 แขวงบางจาก เขตพระโขนง กทม., กรุงเทพมหานคร","โรงเรียนพูนสิน (เพชรสุขอุปถัมภ์), 1000 ซ.พูนสิน ถ.สุขุมวิท 66/1 แขวงบางจาก เขตพระโขนง กทม., กรุงเทพมหานคร, ประเทศไทย"
cc948459b03f1e03,โรงเรียนวัดธรรมมงคล (หลวงพ่อวิริยังอุปถัมภ์),"132 ซ.ปุณณวิถี 20 ถ.สุขุมวิท 101 แขวงบางจาก เขตพระโขนง กทม., กรุงเทพมหานคร","โรงเรียนวัดธรรมมงคล (หลวงพ่อวิริยังอุปถัมภ์), 132 ซ.ปุณณวิถี 20 ถ.สุขุมวิท 101 แขวงบางจาก เขตพระโขนง กทม., กรุงเทพมหานคร, ประเทศไทย"
c2b583f31686c413,โรงเรียนวัดราษฎร์ศรัทธาธรรม,"774 ถ.สุขุมวิท 93 แขวงบางจาก เขตพระโขนง กทม., กรุงเทพมหานคร","โรงเรียนวัดราษฎร์ศรัทธาธรรม, 774 ถ.สุขุมวิท 93 แขวงบางจาก เขตพระโขนง กทม., กรุงเทพมหานคร, ประเทศไทย"
b32cac60c0cfbdf3,โรงเรียนบางจาก,"5 หมู่ 6 ถ.เพชรเกษม แขวงบางจาก เขตภาษีเจริญ กทม., กรุงเทพมหานคร","โรงเรียนบางจาก, 5 หมู่ 6 ถ.เพชรเกษม แขวงบางจาก เขตภาษีเจริญ กทม., กรุงเทพมหานคร, ประเทศไทย"
a2d602982b37bec5,โรงเรียนวัดกำแพง,"54 หมู่ 10 แขวงบางแวก เขตภาษีเจริญ กทม., กรุงเทพมหานคร","โรงเรียนวัดกำแพง, 54 หมู่ 10 แขวงบางแวก เขตภาษีเจริญ กทม., กรุงเทพมหานคร, ประเทศไทย"
486cb9c2d2a4b5eb,โรงเรียนวัดโคนอน,"13 หมู่ 3 ถ.พัฒนาการ แขวงบางหว้า เขตภาษีเจริญ กทม., กรุงเทพมหานคร","โรงเรียนวัดโคนอน, 13 หมู่ 3 ถ.พัฒนาการ แขวงบางหว้า เขตภาษีเจริญ กทม., กรุงเทพมหานคร, ประเทศไทย"
9020327bed69384f,โรงเรียนวัดจันทร์ประดิษฐาราม,"56 หมู่2 ถ.เพชรเกษม 48 แขวงบางด้วน เขตภาษีเจริญ กทม., กรุงเทพมหานคร","โรงเรียนวัดจันทร์ประดิษฐาราม, 56 หมู่2 ถ.เพชรเกษม 48 แขวงบางด้วน เขตภาษีเจริญ กทม., กรุงเทพมหานคร, ประเทศไทย"
2fd7be813c2f0b31,โรงเรียนวัดชัยฉิมพลี,"86 หมู่6 ถ.เพชรเกษม 48 แขวงบางแวก เขตภาษีเจริญ กทม., กรุงเทพมหานคร","โรงเรียนวัดชัยฉิมพลี, 86 หมู่6 ถ.เพชรเกษม 48 แขวงบางแวก เขตภาษีเจริญ กทม., กรุงเทพมหานคร, ประเทศไทย"
939a7cf3fb15f731,โรงเรียนวัดตะล่อม,"4 หมู่ 1 ถ.สายบางแวก แขวงบางแวก เขตภาษีเจริญ กทม., กรุงเทพมหานคร","โรงเรียนวัดตะล่อม, 4 หมู่ 1 ถ.สายบางแวก แขวงบางแวก เขตภาษีเจริญ กทม., กรุงเทพมหานคร, ประเทศไทย"
6239b9e902007204,โรงเรียนวัดโตนด,"40/1 หมู่ 1 แขวงบางแวก เขตภาษีเจริญ กทม., กรุงเทพมหานคร","โรงเรียนวัดโตนด, 40/1 หมู่ 1 แขวงบางแวก เขตภาษีเจริญ กทม., กรุงเทพมหานคร, ประเทศไทย"
85a168c1d8752f19,โรงเรียนวัดทองศาลางาม,"229/11 ถ.เพชรเกษม 20 แขวงปากคลอง เขตภาษีเจริญ กทม., กรุงเทพมหานคร","โรงเรียนวัดทองศาลางาม, 229/11 ถ.เพชรเกษม 20 แขวงปากคลอง เขตภาษีเจริญ กทม., กรุงเทพมหานคร, ประเทศไทย"
9c5981c8e1cb4903,โรงเรียนวัดนิมมานรดี,"1 หมู่ 15 ถ.เพชรเกษม แขวงบางหว้า เขตภาษีเจริญ กทม., กรุงเทพมหานคร","โรงเรียนวัดนิมมานรดี, 1 หมู่ 15 ถ.เพชรเกษม แขวงบางหว้า เขตภาษีเจริญ กทม., กรุงเทพมหานคร, ประเทศไทย"
0ec030d9ab661aea,โรงเรียนวัดประดู่บางจาก (พ่วงอุทิศ),"163 ถ.เพชรเกษม34 แขวงปากคลอง เขตภาษีเจริญ กทม., กรุงเทพมหานคร","โรงเรียนวัดประดู่บางจาก (พ่วงอุทิศ), 163 ถ.เพชรเกษม34 แขวงปากคลอง เขตภาษีเจริญ กทม., กรุงเทพมหานคร, ประเทศไทย"
558afca78582df52,โรงเรียนวัดมะพร้าวเตี้ย,"12 หมู่4 ถ.สายบางแวก แขวงคลองขวาง เขตภาษีเจริญ กทม., กรุงเทพมหานคร","โรงเรียนวัดมะพร้าวเตี้ย, 12 หมู่4 ถ.สายบางแวก แขวงคลองขวาง เขตภาษีเจริญ กทม., กรุงเทพมหานคร, ประเทศไทย"
8f605d5934cee895,โรงเรียนวัดวิจิตรการนิมิตร,"1099 ถ. จรัญสนิทวงศ์13 แขวงคูหาสวรรค์ เขตภาษีเจริญ กทม., กรุงเทพมหานคร","โรงเรียนวัดวิจิตรการนิมิตร, 1099 ถ. จรัญสนิทวงศ์13 แขวงคูหาสวรรค์ เขตภาษีเจริญ กทม., กรุงเทพมหานคร, ประเทศไทย"
f5a6403ab4e9da6c,โรงเรียนวัดอ่างแก้ว (จีบ ปานขำ),"30 หมู่ 2 ถ.เพชรเกษม 27 แขวงบางหว้า เขตภาษีเจริญ กทม., กรุงเทพมหานคร","โรงเรียนวัดอ่างแก้ว (จีบ ปานขำ), 30 หมู่ 2 ถ.เพชรเกษม 27 แขวงบางหว้า เขตภาษีเจริญ กทม., กรุงเทพมหานคร, ประเทศไทย"
e35040f0a3519008,โรงเรียนคลองสองต้นนุ่น,"20 หมู่ 6 ถ.ร่มเกล้า แขวงมีนบุรี เขตมีนบุรี กทม., กรุงเทพมหานคร","โรงเรียนคลองสองต้นนุ่น, 20 หมู่ 6 ถ.ร่มเกล้า แขวงมีนบุรี เขตมีนบุรี กทม., กรุงเทพมหานคร, ประเทศไทย"
9eac239ba2b98dcd,โรงเรียนคลองสาม,"37 หมู่ 15 ถ.ร่มเกล้า แขวงแสนแสบ เขตมีนบุรี กทม., กรุงเทพมหานคร","โรงเรียนคลองสาม, 37 หมู่ 15 ถ.ร่มเกล้า แขวงแสนแสบ เขตมีนบุรี กทม., กรุงเทพมหานคร, ประเทศไทย"
1e4645c14c84f8b1,โรงเรียนบ้านเกาะ,"24 ถ.สุวินทวงศ์ แขวงแสนแสบ เขตมีนบุรี กทม., กรุงเทพมหานคร","โรงเรียนบ้านเกาะ, 24 ถ.สุวินทวงศ์ แขวงแสนแสบ เขตมีนบุรี กทม., กรุงเทพมหานคร, ประเทศไทย"
ba9d4bd6d03642f8,โรงเรียนบึงขวาง (มหาดไทยอุปถัมภ์),"19/3 หมู่ 4 ถ.บึงขวาง แขวงแสนแสบ เขตมีนบุรี กทม., กรุงเทพมหานคร","โรงเรียนบึงขวาง (มหาดไทยอุปถัมภ์), 19/3 หมู่ 4 ถ.บึงขวาง แขวงแสนแสบ เขตมีนบุรี กทม., กรุงเทพมหานคร, ประเทศไทย"
3937b81e4440ae17,โรงเรียนมีนบุรี,"36 หมู่ 1 ถ.เสรีไทย แขวงมีนบุรี เขตมีนบุรี กทม., กรุงเทพมหานคร","โรงเรียนมีนบุรี, 36 หมู่ 1 ถ.เสรีไทย แขวงมีนบุรี เขตมีนบุรี กทม., กรุงเทพมหานคร, ประเทศไทย"
9315832db020a0b5,โรงเรียนวังเล็กวิทยานุสรณ์,"13/1 หมู่ 17 ถ.สุวินทวงศ์ แขวงแสนแสบ เขตมีนบุรี กทม., กรุงเทพมหานคร","โรงเรียนวังเล็กวิทยานุสรณ์, 13/1 หมู่ 17 ถ.สุวินทวงศ์ แขวงแสนแสบ เขตมีนบุรี กทม., กรุงเทพมหานคร, ประเทศไทย"
80123487be2bd0aa,โรงเรียนวัดทองสัมฤทธิ์,"50/1 หมู่ 18 ถ.คุ้มเกล้า แขวงแสนแสบ เขตมีนบุรี กทม., กรุงเทพมหานคร","โรงเรียนวัดทองสัมฤทธิ์, 50/1 หมู่ 18 ถ.คุ้มเกล้า แขวงแสนแสบ เขตมีนบุรี กทม., กรุงเทพมหานคร, ประเทศไทย"
1252e26fd88f83e3,โรงเรียนวัดบำเพ็ญเหนือ,"26 หมู่ 14 ถ.เสรีไทย แขวงมีนบุรี เขตมีนบุรี กทม., กรุงเทพมหานคร","โรงเรียนวัดบำเพ็ญเหนือ, 26 หมู่ 14 ถ.เสรีไทย แขวงมีนบุรี เขตมีนบุรี กทม., กรุงเทพมหานคร, ประเทศไทย"
2ed722d8cd1edb57,โรงเรียนวัดแสนสุข,"47/1 หมู่ 2 ถ.สุวินทวงศ์ แขวงมีนบุรี เขตมีนบุรี กทม., กรุงเทพมหานคร","โรงเรียนวัดแสนสุข, 47/1 หมู่ 2 ถ.สุวินทวงศ์ แขวงมีนบุรี เขตมีนบุรี กทม., กรุงเทพมหานคร, ประเทศไทย"
9d27e5186757cfe4,โรงเรียนวัดใหม่ลำนกแขวก,"9 /1หมู่ 10 ถ.สุวินทวงศ์ แขวงแสนแสบ เขตมีนบุรี กทม., กรุงเทพมหานคร","โรงเรียนวัดใหม่ลำนกแขวก, 9 /1หมู่ 10 ถ.สุวินทวงศ์ แขวงแสนแสบ เขตมีนบุรี กทม., กรุงเทพมหานคร, ประเทศไทย"
2fdde6a6980b5a08,โรงเรียนศาลาคู้,"35/1 ถ.ราษฎร์อุทิศ แขวงแสนแสบ เขตมีนบุรี กทม., กรุงเทพมหานคร","โรงเรียนศาลาคู้, 35/1 ถ.ราษฎร์อุทิศ แขวงแสนแสบ เขตมีนบุรี กทม., กรุงเทพมหานคร, ประเทศไทย"
219f18b2cfa04501,โรงเรียนสุเหร่าทรายกองดิน,"61หมู่ 8 ถ.ราษฎร์อุทิศ แขวงแสนแสบ เขตมีนบุรี กทม., กรุงเทพมหานคร","โรงเรียนสุเหร่าทรายกองดิน, 61หมู่ 8 ถ.ราษฎร์อุทิศ แขวงแสนแสบ เขตมีนบุรี กทม., กรุงเทพมหานคร, ประเทศไทย"
6c2970b2a97439b4,โรงเรียนสุเหร่าบางชัน,"หมู่ 15 ถ.สุขาภิบาล 2 แขวงมีนบุรี เขตมีนบุรี กทม., กรุงเทพมหานคร","โรงเรียนสุเหร่าบางชัน, หมู่ 15 ถ.สุขาภิบาล 2 แขวงมีนบุรี เขตมีนบุรี กทม., กรุงเทพมหานคร, ประเทศไทย"
2c32b1734fbad11e,โรงเรียนวัดคลองภูมิ,"22/1 ถ.พระราม3 แขวงช่องนนทรี เขตยานนาวา กทม., กรุงเทพมหานคร","โรงเรียนวัดคลองภูมิ, 22/1 ถ.พระราม3 แขวงช่องนนทรี เขตยานนาวา กทม., กรุงเทพมหานคร, ประเทศไทย"
e9383a321d47ab40,โรงเรียนวัดคลองใหม่,"18 ถ.พระราม 3 แขวงบางโพงพาง เขตยานนาวา กทม., กรุงเทพมหานคร","โรงเรียนวัดคลองใหม่, 18 ถ.พระราม 3 แขวงบางโพงพาง เขตยานนาวา กทม., กรุงเทพมหานคร, ประเทศไทย"
94b33134e03d9ac6,โรงเรียนวัดช่องนนทรี,"461 ถ.ช่องนนทรี แขวงช่องนนทรี เขตยานนาวา กทม., กรุงเทพมหานคร","โรงเรียนวัดช่องนนทรี, 461 ถ.ช่องนนทรี แขวงช่องนนทรี เขตยานนาวา กทม., กรุงเทพมหานคร, ประเทศไทย"
e2180194417ae5cb,โรงเรียนวัดช่องลม,"29 ถ.พระราม 3 แขวงช่องนนทรี เขตยานนาวา กทม., กรุงเทพมหานคร","โรงเรียนวัดช่องลม, 29 ถ.พระราม 3 แขวงช่องนนทรี เขตยานนาวา กทม., กรุงเทพมหานคร, ประเทศไทย"
362fc0f6b8746f82,โรงเรียนวัดดอกไม้,"583 ถ.พระราม3 แขวงบางโพงพาง เขตยานนาวา กทม., กรุงเทพมหานคร","โรงเรียนวัดดอกไม้, 583 ถ.พระราม3 แขวงบางโพงพาง เขตยานนาวา กทม., กรุงเทพมหานคร, ประเทศไทย"
1d4484b61aae26c3,โรงเรียนวัดปริวาศ,"762/1 ถ.พระราม 3 แขวงบางโพงพาง เขตยานนาวา กทม., กรุงเทพมหานคร","โรงเรียนวัดปริวาศ, 762/1 ถ.พระราม 3 แขวงบางโพงพาง เขตยานนาวา กทม., กรุงเทพมหานคร, ประเทศไทย"
502948a30b82a48a,โรงเรียนกิ่งเพชร,"323 ซอยกิ่งเพชร แขวงเพชรบุรี เขตราชเทวี กทม., กรุงเทพมหานคร","โรงเรียนกิ่งเพชร, 323 ซอยกิ่งเพชร แขวงเพชรบุรี เขตราชเทวี กทม., กรุงเทพมหานคร, ประเทศไทย"
290590ff1a34f8d5,โรงเรียนวัดดิสหงสาราม,"9 ถ.เพชรบุรีตัดใหม่ แขวงมักกะสัน เขตราชเทวี กทม., กรุงเทพมหานคร","โรงเรียนวัดดิสหงสาราม, 9 ถ.เพชรบุรีตัดใหม่ แขวงมักกะสัน เขตราชเทวี กทม., กรุงเทพมหานคร, ประเทศไทย"
bdd2eef6abe65322,โรงเรียนวัดทัศนารุณสุนทริการาม,"149 ถ.ราชปรารภ แขวงมักกะสัน เขตราชเทวี กทม., กรุงเทพมหานคร","โรงเรียนวัดทัศนารุณสุนทริการาม, 149 ถ.ราชปรารภ แขวงมักกะสัน เขตราชเทวี กทม., กรุงเทพมหานคร, ประเทศไทย"
fb79217c289ed59b,โรงเรียนวัดพระยายัง,"49 ถ.พระราม 6 แขวงถนนเพชรบุรี เขตราชเทวี กทม., กรุงเทพมหานคร","โรงเรียนวัดพระยายัง, 49 ถ.พระราม 6 แขวงถนนเพชรบุรี เขตราชเทวี กทม., กรุงเทพมหานคร, ประเทศไทย"
c0996518407b42f2,โรงเรียนวัดบางปะกอก,"86/1 หมู่ 1 แขวงบางปะกอก เขตราษฎร์บูรณะ กทม, กรุงเทพมหานคร","โรงเรียนวัดบางปะกอก, 86/1 หมู่ 1 แขวงบางปะกอก เขตราษฎร์บูรณะ กทม, กรุงเทพมหานคร, ประเทศไทย"
8f420b878628150a,โรงเรียนรัตนจีนะอุทิศ,"648/3 หมู่ 2 แขวงบางปะกอก เขตราษฎร์บูรณะ กทม, กรุงเทพมหานคร","โรงเรียนรัตนจีนะอุทิศ, 648/3 หมู่ 2 แขวงบางปะกอก เขตราษฎร์บูรณะ กทม, กรุงเทพมหานคร, ประเทศไทย"
a30405fa10d4af41,โรงเรียนวัดประเสริฐสุทธาวาส,"10 หมู่ 4 แขวงบางปะกอก เขตราษฎร์บูรณะ กทม, กรุงเทพมหานคร","โรงเรียนวัดประเสริฐสุทธาวาส, 10 หมู่ 4 แขวงบางปะกอก เขตราษฎร์บูรณะ กทม, กรุงเทพมหานคร, ประเทศไทย"
3b1d1a39607e9eaf,โรงเรียนวัดแจงร้อน,"2/3 หมู่ 1 แขวงราษฎร์บูรณะ เขตราษฎร์บูรณะ กทม, กรุงเทพมหานคร","โรงเรียนวัดแจงร้อน, 2/3 หมู่ 1 แขวงราษฎร์บูรณะ เขตราษฎร์บูรณะ กทม, กรุงเทพมหานคร, ประเทศไทย"
192f5944ed267b3e,โรงเรียนวัดสน,"102 หมู่ 5 แขวงราษฎร์บูรณะ เขตราษฎร์บูรณะ กทม, กรุงเทพมหานคร","โรงเรียนวัดสน, 102 หมู่ 5 แขวงราษฎร์บูรณะ เขตราษฎร์บูรณะ กทม, กรุงเทพมหานคร, ประเทศไทย"
eae87befe137677f,โรงเรียนวัดสารอด,"25/1 แขวงราษฎร์บูรณะ เขตราษฎร์บูรณะ กทม, กรุงเทพมหานคร","โรงเรียนวัดสารอด, 25/1 แขวงราษฎร์บูรณะ เขตราษฎร์บูรณะ กทม, กรุงเทพมหานคร, ประเทศไทย"
3bc7c71810ac7730,โรงเรียนขุมทอง (เพชรทองค้าอุปถัมภ์),"130 หมู่ 5 แขวงขุมทอง เขตลาดกระบัง กท 10520, กรุงเทพมหานคร","โรงเรียนขุมทอง (เพชรทองค้าอุปถัมภ์), 130 หมู่ 5 แขวงขุมทอง เขตลาดกระบัง กท 10520, กรุงเทพมหานคร, ประเทศไทย"
d085b84707147c0c,โรงเรียนเคหะชุมชนลาดกระบัง,"143 ซ.ร่มเกล้า42 ถ.ร่มเกล้า แขวงคลองสองต้นนุ่น เขตลาดกระบัง กทม., กรุงเทพมหานคร","โรงเรียนเคหะชุมชนลาดกระบัง, 143 ซ.ร่มเกล้า42 ถ.ร่มเกล้า แขวงคลองสองต้นนุ่น เขตลาดกระบัง กทม., กรุงเทพมหานคร, ประเทศไทย"
fc4cc402333053f8,โรงเรียนแดงเป้า (สิงสุขบุรณะ),"79 หมู่ 1 ซ.พัฒนาชนบท2 คลองสองต้นนุ่น ลาดกระบัง กทม., กรุงเทพมหานคร","โรงเรียนแดงเป้า (สิงสุขบุรณะ), 79 หมู่ 1 ซ.พัฒนาชนบท2 คลองสองต้นนุ่น ลาดกระบัง กทม., กรุงเทพมหานคร, ประเทศไทย"
f575381c816020a0,โรงเรียนตำบลขุมทอง (ประชาอุทิศ),"68 หมู่ 7 แขวงขุมทอง เขตลาดกระบัง กทม., กรุงเทพมหานคร","โรงเรียนตำบลขุมทอง (ประชาอุทิศ), 68 หมู่ 7 แขวงขุมทอง เขตลาดกระบัง กทม., กรุงเทพมหานคร, ประเทศไทย"
43ab0de501412f6b,โรงเรียนประสานสามัคคี (บ้านทับยาว),"1 ซ.ทับยาว2 ถ.ทับยาว แขวงทับยาว เขตลาดกระบัง กทม., กรุงเทพมหานคร","โรงเรียนประสานสามัคคี (บ้านทับยาว), 1 ซ.ทับยาว2 ถ.ทับยาว แขวงทับยาว เขตลาดกระบัง กทม., กรุงเทพมหานคร, ประเทศไทย"
569d12548c218548,โรงเรียนลำพะอง,"49 หมู่ 8 ถ.ฉลองกรุง แขวงล้าปลาทิว เขตลาดกระบัง กทม., กรุงเทพมหานคร","โรงเรียนลำพะอง, 49 หมู่ 8 ถ.ฉลองกรุง แขวงล้าปลาทิว เขตลาดกระบัง กทม., กรุงเทพมหานคร, ประเทศไทย"
f8e3b155f6698b58,โรงเรียนวัดขุมทอง,"11 หมู่ 5 ถ.ขุมทอง-ล้าต้อยติ่ง แขวงขุมทอง เขตลาดกระบัง กทม., กรุงเทพมหานคร","โรงเรียนวัดขุมทอง, 11 หมู่ 5 ถ.ขุมทอง-ล้าต้อยติ่ง แขวงขุมทอง เขตลาดกระบัง กทม., กรุงเทพมหานคร, ประเทศไทย"
4da975e17049fefa,โรงเรียนวัดทิพพาวาส,"18 หมู่ 7 แขวงล้าปลาทิว เขตลาดกระบัง กทม., กรุงเทพมหานคร","โรงเรียนวัดทิพพาวาส, 18 หมู่ 7 แขวงล้าปลาทิว เขตลาดกระบัง กทม., กรุงเทพมหานคร, ประเทศไทย"
176510fae94c6247,โรงเรียนวัดบำรุงรื่น,"9 ซอยไอซีดี 12 แขวงคลองสามประเวศ เขตลาดกระบัง กทม., กรุงเทพมหานคร","โรงเรียนวัดบำรุงรื่น, 9 ซอยไอซีดี 12 แขวงคลองสามประเวศ เขตลาดกระบัง กทม., กรุงเทพมหานคร, ประเทศไทย"
401ab3f425908520,โรงเรียนวัดบึงบัว,"195 ถ.คุ้มเกล้า แขวงล้าปลาทิว เขตลาดกระบัง กทม., กรุงเทพมหานคร","โรงเรียนวัดบึงบัว, 195 ถ.คุ้มเกล้า แขวงล้าปลาทิว เขตลาดกระบัง กทม., กรุงเทพมหานคร, ประเทศไทย"
155260299f1277e2,โรงเรียนวัดปลูกศรัทธา,"85/1 ม.3 ถ.คุณหญิงเหลี่ยม แขวงลาดกระบัง เขตลาดกระบัง กทม., กรุงเทพมหานคร","โรงเรียนวัดปลูกศรัทธา, 85/1 ม.3 ถ.คุณหญิงเหลี่ยม แขวงลาดกระบัง เขตลาดกระบัง กทม., กรุงเทพมหานคร, ประเทศไทย"
9d86b42b350382b7,โรงเรียนวัดปากบึง,"46 ม.4 ซ.ร่มเกล้า20 ถ.ร่มเกล้า แขวงคลองสองต้นนุ่น เขตลาดกระบัง กทม., กรุงเทพมหานคร","โรงเรียนวัดปากบึง, 46 ม.4 ซ.ร่มเกล้า20 ถ.ร่มเกล้า แขวงคลองสองต้นนุ่น เขตลาดกระบัง กทม., กรุงเทพมหานคร, ประเทศไทย"
4dcfb1a0542b4d54,โรงเรียนวัดพลมานีย์,"22/3 ถ.ประชาพัฒนา แขวงทับยาว เขตลาดกระบัง กทม., กรุงเทพมหานคร","โรงเรียนวัดพลมานีย์, 22/3 ถ.ประชาพัฒนา แขวงทับยาว เขตลาดกระบัง กทม., กรุงเทพมหานคร, ประเทศไทย"
96ec634ac818c51c,โรงเรียนวัดราชโกษา,"9 ถ.ขุมทอง-ล้าต้อยติ่ง แขวงขุมทอง เขตลาดกระบัง กทม., กรุงเทพมหานคร","โรงเรียนวัดราชโกษา, 9 ถ.ขุมทอง-ล้าต้อยติ่ง แขวงขุมทอง เขตลาดกระบัง กทม., กรุงเทพมหานคร, ประเทศไทย"
32f2f7d04c51e0cc,โรงเรียนวัดลาดกระบัง,"307 ซ.ร่มเกล้า27 ถ.ร่มเกล้า แขวงลาดกระบัง เขตลาดกระบัง กทม., กรุงเทพมหานคร","โรงเรียนวัดลาดกระบัง, 307 ซ.ร่มเกล้า27 ถ.ร่มเกล้า แขวงลาดกระบัง เขตลาดกระบัง กทม., กรุงเทพมหานคร, ประเทศไทย"
af893aa148ad6202,โรงเรียนวัดลานบุญ,"19 หมู่ 7 ถ.อ่อนนุช แขวงลาดกระบัง เขตลาดกระบัง กทม., กรุงเทพมหานคร","โรงเรียนวัดลานบุญ, 19 หมู่ 7 ถ.อ่อนนุช แขวงลาดกระบัง เขตลาดกระบัง กทม., กรุงเทพมหานคร, ประเทศไทย"
41a7a9201fca1d7e,โรงเรียนวัดสังฆราชา,"336 หมู่ 5 ถ.อ่อนนุช-ลาดกระบัง ลาดกระบัง กทม., กรุงเทพมหานคร","โรงเรียนวัดสังฆราชา, 336 หมู่ 5 ถ.อ่อนนุช-ลาดกระบัง ลาดกระบัง กทม., กรุงเทพมหานคร, ประเทศไทย"
1a419bac200ef4ae,โรงเรียนวัดสุทธาโภชน์,"129 หมู่ 7 ถ.ฉลองกรุง แขวงทับยาว เขตลาดกระบัง กทม., กรุงเทพมหานคร","โรงเรียนวัดสุทธาโภชน์, 129 หมู่ 7 ถ.ฉลองกรุง แขวงทับยาว เขตลาดกระบัง กทม., กรุงเทพมหานคร, ประเทศไทย"
7a99e2967a85d0b8,โรงเรียนสุเหร่าลำนายโส (กุลางกูรอุปถัมภ์) เขตลาดกระบัง,"30 หมู่ 4 แขวงคลองสองต้นนุ่น เขตลาดกระบัง กทม., กรุงเทพมหานคร","โรงเรียนสุเหร่าลำนายโส (กุลางกูรอุปถัมภ์) เขตลาดกระบัง, 30 หมู่ 4 แขวงคลองสองต้นนุ่น เขตลาดกระบัง กทม., กรุงเทพมหานคร, ประเทศไทย"
70a27173813c8456,โรงเรียนแสงหิรัญวิทยา,"868 ถ.หลวงแพ่ง แขวงทับยาว เขตลาดกระบัง กทม., กรุงเทพมหานคร","โรงเรียนแสงหิรัญวิทยา, 868 ถ.หลวงแพ่ง แขวงทับยาว เขตลาดกระบัง กทม., กรุงเทพมหานคร, ประเทศไทย"
8b192ff06b665fc5,โรงเรียนคลองทรงกระเทียม,"1/4 หมู่ 8 แขวงลาดพร้าว เขตลาดพร้าว กทม., กรุงเทพมหานคร","โรงเรียนคลองทรงกระเทียม, 1/4 หมู่ 8 แขวงลาดพร้าว เขตลาดพร้าว กทม., กรุงเทพมหานคร, ประเทศไทย"
a9de1a1ec76da025,โรงเรียนเทพวิทยา,"13/3 ซอยเสนานิคม1 แขวงลาดพร้าว เขตลาดพร้าว กทม., กรุงเทพมหานคร","โรงเรียนเทพวิทยา, 13/3 ซอยเสนานิคม1 แขวงลาดพร้าว เขตลาดพร้าว กทม., กรุงเทพมหานคร, ประเทศไทย"
979c808403c613b2,โรงเรียนเพชรถนอม (คลองเสือน้อย),"2/3 หมู่ 2 แขวงลาดพร้าว เขตลาดพร้าว กทม., กรุงเทพมหานคร","โรงเรียนเพชรถนอม (คลองเสือน้อย), 2/3 หมู่ 2 แขวงลาดพร้าว เขตลาดพร้าว กทม., กรุงเทพมหานคร, ประเทศไทย"
958471c989ae07e4,โรงเรียนลอยสายอนุสรณ์,"41 หมู่ 12 แขวงลาดพร้าว เขตลาดพร้าว กทม., กรุงเทพมหานคร","โรงเรียนลอยสายอนุสรณ์, 41 หมู่ 12 แขวงลาดพร้าว เขตลาดพร้าว กทม., กรุงเทพมหานคร, ประเทศไทย"
1191ac11be74ae8b,โรงเรียนวัดลาดปลาเค้า,"63/1 หมู่ 2 แขวงจรเข้บัว เขตลาดพร้าว กทม., กรุงเทพมหานคร","โรงเรียนวัดลาดปลาเค้า, 63/1 หมู่ 2 แขวงจรเข้บัว เขตลาดพร้าว กทม., กรุงเทพมหานคร, ประเทศไทย"
c575ecf437beca4e,โรงเรียนวัดลาดพร้าว,"1 หมู่ 9 ลาดพร้าว 41 แขวงลาดพร้าว เขตลาดพร้าวกทม., กรุงเทพมหานคร","โรงเรียนวัดลาดพร้าว, 1 หมู่ 9 ลาดพร้าว 41 แขวงลาดพร้าว เขตลาดพร้าวกทม., กรุงเทพมหานคร, ประเทศไทย"
a0f51fa83e86d56c,โรงเรียนวัดสามัคคีธรรม,"51/1ซ.ลาดพร้าว 64 ถ.ลาดพร้าว แขวง/เขตวังทองหลาง กทม., กรุงเทพมหานคร","โรงเรียนวัดสามัคคีธรรม, 51/1ซ.ลาดพร้าว 64 ถ.ลาดพร้าว แขวง/เขตวังทองหลาง กทม., กรุงเทพมหานคร, ประเทศไทย"
dc6bba550110e8d1,โรงเรียนสุเหร่าดอนสะแก,"87 หมู่ 9 ซ.ลาดพร้าว 96 แขวงพลับพลา เขตวังทองหลาง กทม., กรุงเทพมหานคร","โรงเรียนสุเหร่าดอนสะแก, 87 หมู่ 9 ซ.ลาดพร้าว 96 แขวงพลับพลา เขตวังทองหลาง กทม., กรุงเทพมหานคร, ประเทศไทย"
ee08532aa58a8759,โรงเรียนสุเหร่าลาดพร้าว (อามินเซ็นอุปถัมภ์),"568 ซ.รามค้าแหง 39ถ.ประชาอุทิศ แขวง/เขตวังทองหลาง กทม., กรุงเทพมหานคร","โรงเรียนสุเหร่าลาดพร้าว (อามินเซ็นอุปถัมภ์), 568 ซ.รามค้าแหง 39ถ.ประชาอุทิศ แขวง/เขตวังทองหลาง กทม., กรุงเทพมหานคร, ประเทศไทย"
3ff45a6a8abdd56b,โรงเรียนวัดธาตุทอง,"1325 ถ.สุขุมวิท แขวงพระโขนง เขตวัฒนา กทม., กรุงเทพมหานคร","โรงเรียนวัดธาตุทอง, 1325 ถ.สุขุมวิท แขวงพระโขนง เขตวัฒนา กทม., กรุงเทพมหานคร, ประเทศไทย"
2ce64931c4fbe8df,โรงเรียนแจ่มจันทร์,"4/44 ถ.เอกมัย แขวงคลองตัน เขตวัฒนา กทม., กรุงเทพมหานคร","โรงเรียนแจ่มจันทร์, 4/44 ถ.เอกมัย แขวงคลองตัน เขตวัฒนา กทม., กรุงเทพมหานคร, ประเทศไทย"
f0da51739258a72e,โรงเรียนวัดภาษี,"ถ.สุขุมวิท 63 แขวงคลองตันเหนือ เขตวัฒนา กทม., กรุงเทพมหานคร","โรงเรียนวัดภาษี, ถ.สุขุมวิท 63 แขวงคลองตันเหนือ เขตวัฒนา กทม., กรุงเทพมหานคร, ประเทศไทย"
12615baa58b3db36,โรงเรียนวิจิตรวิทยา,"170 ซอยนวลน้อย แขวงคลองตัน เขตวัฒนา กทม., กรุงเทพมหานคร","โรงเรียนวิจิตรวิทยา, 170 ซอยนวลน้อย แขวงคลองตัน เขตวัฒนา กทม., กรุงเทพมหานคร, ประเทศไทย"
d3a08026b8a1aba2,โรงเรียนสวัสดีวิทยา,"35/10 ถ.สุขุมวิท 31 แขวงคลองตัน เขตกทม., กรุงเทพมหานคร","โรงเรียนสวัสดีวิทยา, 35/10 ถ.สุขุมวิท 31 แขวงคลองตัน เขตกทม., กรุงเทพมหานคร, ประเทศไทย"
ad6a782b52b95695,โรงเรียนสุเหร่าบางมะเขือ (ปรีดี พนมยงค์ อนุสรณ์),"ถ.สุขุมวิท 71 แขวงพระโขนง เขตวัฒนา กทม., กรุงเทพมหานคร","โรงเรียนสุเหร่าบางมะเขือ (ปรีดี พนมยงค์ อนุสรณ์), ถ.สุขุมวิท 71 แขวงพระโขนง เขตวัฒนา กทม., กรุงเทพมหานคร, ประเทศไทย"
b84f9c15a94f3ec4,โรงเรียนสุเหร่าบ้านดอน,"84 ถ.สุขุมวิท 49-14 แขวงคลองตันเหนือ เขตวัฒนา กทม., กรุงเทพมหานคร","โรงเรียนสุเหร่าบ้านดอน, 84 ถ.สุขุมวิท 49-14 แขวงคลองตันเหนือ เขตวัฒนา กทม., กรุงเทพมหานคร, ประเทศไทย"
08ba50b2297a0dc9,โรงเรียนสุเหร่าสามอิน,"780 สุขุมวิท 71 แขวงคลองตัน เขตวัฒนา กทม., กรุงเทพมหานคร","โรงเรียนสุเหร่าสามอิน, 780 สุขุมวิท 71 แขวงคลองตัน เขตวัฒนา กทม., กรุงเทพมหานคร, ประเทศไทย"
e72ede4d42a79348,โรงเรียนวัดลาดบัวขาว,"33/7 หมู่ 14 แขวงสะพานสูง เขตสะพานสูง กทม., กรุงเทพมหานคร","โรงเรียนวัดลาดบัวขาว, 33/7 หมู่ 14 แขวงสะพานสูง เขตสะพานสูง กทม., กรุงเทพมหานคร, ประเทศไทย"
29781f54c68b78e8,โรงเรียนสมโภชกรุงอนุสรณ์ (200 ปี),"100/603 หมู่ 16 แขวงสะพานสูง เขตสะพานสูง กทม., กรุงเทพมหานคร","โรงเรียนสมโภชกรุงอนุสรณ์ (200 ปี), 100/603 หมู่ 16 แขวงสะพานสูง เขตสะพานสูง กทม., กรุงเทพมหานคร, ประเทศไทย"
88111fea14976cdb,โรงเรียนสามแยกคลองหลอแหล,"19 หมู่ 7 แขวงสะพานสูง เขตสะพานสูง กทม., กรุงเทพมหานคร","โรงเรียนสามแยกคลองหลอแหล, 19 หมู่ 7 แขวงสะพานสูง เขตสะพานสูง กทม., กรุงเทพมหานคร, ประเทศไทย"
07bece52b2bdfc79,โรงเรียนสุเหร่าซีรอ,"25/2 หมู่ 8 แขวงสะพานสูง เขตสะพานสูง กทม., กรุงเทพมหานคร","โรงเรียนสุเหร่าซีรอ, 25/2 หมู่ 8 แขวงสะพานสูง เขตสะพานสูง กทม., กรุงเทพมหานคร, ประเทศไทย"
7939f1e7919fd284,โรงเรียนสุเหร่าทับช้างคลองบน,"79 หมู่ 16 แขวงสะพานสูง เขตสะพานสูง กทม., กรุงเทพมหานคร","โรงเรียนสุเหร่าทับช้างคลองบน, 79 หมู่ 16 แขวงสะพานสูง เขตสะพานสูง กทม., กรุงเทพมหานคร, ประเทศไทย"
88143750de73b596,โรงเรียนสุเหร่าลาดบัวขาว,"63/1 หมู่ 9 แขวงสะพานสูง เขตสะพานสูง กทม., กรุงเทพมหานคร","โรงเรียนสุเหร่าลาดบัวขาว, 63/1 หมู่ 9 แขวงสะพานสูง เขตสะพานสูง กทม., กรุงเทพมหานคร, ประเทศไทย"
4eb466dfbc4360f9,โรงเรียนวัดดอน,"25/1 ถ. เจริญกรุง แขวงยานนาวา เขตสาทร กทม., กรุงเทพมหานคร","โรงเรียนวัดดอน, 25/1 ถ. เจริญกรุง แขวงยานนาวา เขตสาทร กทม., กรุงเทพมหานคร, ประเทศไทย"
0e5322e07bad9d25,โรงเรียนวัดยานนาวา,"1648 ถ.เจริญกรุง แขวงยานนาวา เขตสาทร กทม., กรุงเทพมหานคร","โรงเรียนวัดยานนาวา, 1648 ถ.เจริญกรุง แขวงยานนาวา เขตสาทร กทม., กรุงเทพมหานคร, ประเทศไทย"
4a1fdd0bdccb4f6b,โรงเรียนซอยแอนเนกซ์,"745 หมู่ 6 ซอยพหลโยธิน 58 เขตสายไหม กทม., กรุงเทพมหานคร","โรงเรียนซอยแอนเนกซ์, 745 หมู่ 6 ซอยพหลโยธิน 58 เขตสายไหม กทม., กรุงเทพมหานคร, ประเทศไทย"
1c49131a957a86cb,โรงเรียนประชานุกูล,"116 แขวงสายไหม เขตสายไหม กทม., กรุงเทพมหานคร","โรงเรียนประชานุกูล, 116 แขวงสายไหม เขตสายไหม กทม., กรุงเทพมหานคร, ประเทศไทย"
4251cd1a75977f23,โรงเรียนพรพระร่วงประสิทธิ์,"110 หมู่ 6 แขวงออเงิน เขตสายไหม กทม., กรุงเทพมหานคร","โรงเรียนพรพระร่วงประสิทธิ์, 110 หมู่ 6 แขวงออเงิน เขตสายไหม กทม., กรุงเทพมหานคร, ประเทศไทย"
ce547d6f65befbd4,โรงเรียนวัดเกาะสุวรรณาราม,"1 หมู่ 3 ถ.พหลโยธิน แขวงคลองถนน เขตสายไหม กทม., กรุงเทพมหานคร","โรงเรียนวัดเกาะสุวรรณาราม, 1 หมู่ 3 ถ.พหลโยธิน แขวงคลองถนน เขตสายไหม กทม., กรุงเทพมหานคร, ประเทศไทย"
e3361d1c18d05097,โรงเรียนฤทธิยะวรรณาลัย,"ถ.พหลโยธิน แขวงคลองถนน เขตสายไหม กทม., กรุงเทพมหานคร","โรงเรียนฤทธิยะวรรณาลัย, ถ.พหลโยธิน แขวงคลองถนน เขตสายไหม กทม., กรุงเทพมหานคร, ประเทศไทย"
94986494c9292f9a,โรงเรียนวัดราษฎร์นิยมธรรม,"41 หมู่ 4 ถ.พหลโยธิน แขวงคลองถนน เขตสายไหม กทม., กรุงเทพมหานคร","โรงเรียนวัดราษฎร์นิยมธรรม, 41 หมู่ 4 ถ.พหลโยธิน แขวงคลองถนน เขตสายไหม กทม., กรุงเทพมหานคร, ประเทศไทย"
bafde9cdb821b32d,โรงเรียนวัดหนองใหญ่,"1 ถ.พระยาสุเรนทร์ แขวงสายไหม เขตสายไหม กทม., กรุงเทพมหานคร","โรงเรียนวัดหนองใหญ่, 1 ถ.พระยาสุเรนทร์ แขวงสายไหม เขตสายไหม กทม., กรุงเทพมหานคร, ประเทศไทย"
332618ffaaa56b63,โรงเรียนสายไหม,"19/3 หมู่ 3 ถ.ออเงิน แขวงสายไหม เขตสายไหม กทม., กรุงเทพมหานคร","โรงเรียนสายไหม, 19/3 หมู่ 3 ถ.ออเงิน แขวงสายไหม เขตสายไหม กทม., กรุงเทพมหานคร, ประเทศไทย"
acd9dc93b864332e,โรงเรียนออเงิน,"60 ม.1 ถ.สุขาภิบาล 5 แขวงออเงิน เขตสายไหม กทม., กรุงเทพมหานคร","โรงเรียนออเงิน, 60 ม.1 ถ.สุขาภิบาล 5 แขวงออเงิน เขตสายไหม กทม., กรุงเทพมหานคร, ประเทศไทย"
5f9bb136aea8f1be,โรงเรียนวัดจักรวรรดิ,"225 ถ.จักรวรรดิ แขวงจักรวรรดิ เขตสัมพันธวงศ์ กทม., กรุงเทพมหานคร","โรงเรียนวัดจักรวรรดิ, 225 ถ.จักรวรรดิ แขวงจักรวรรดิ เขตสัมพันธวงศ์ กทม., กรุงเทพมหานคร, ประเทศไทย"
a1eecf87b42910a1,โรงเรียนวัดปทุมคงคา,"1640 ถ.ทรงวาด แขวงสัมพันธวงศ์ เขตสัมพันธวงศ์ กทม., กรุงเทพมหานคร","โรงเรียนวัดปทุมคงคา, 1640 ถ.ทรงวาด แขวงสัมพันธวงศ์ เขตสัมพันธวงศ์ กทม., กรุงเทพมหานคร, ประเทศไทย"
932eb10a7339e3c8,โรงเรียนวัดสัมพันธวงศ์,"579/1 ถ.ทรงสวัสดิ์ แขวงสัมพันธวงศ์ เขตสัมพันธวงศ์ กทม., กรุงเทพมหานคร","โรงเรียนวัดสัมพันธวงศ์, 579/1 ถ.ทรงสวัสดิ์ แขวงสัมพันธวงศ์ เขตสัมพันธวงศ์ กทม., กรุงเทพมหานคร, ประเทศไทย"
a3ac5b0ab016f82e,โรงเรียนคลองกลันตัน,"646 ซ.อ่อนนุช 25 แขวงสวนหลวง เขตสวนหลวง กทม., กรุงเทพมหานคร","โรงเรียนคลองกลันตัน, 646 ซ.อ่อนนุช 25 แขวงสวนหลวง เขตสวนหลวง กทม., กรุงเทพมหานคร, ประเทศไทย"
2ec42cccfb4e25e1,โรงเรียนนาคนาวาอุปถัมภ์ (ประถม),"96 ถ.พัฒนาการ แขวงสวนหลวง เขตสวนหลวง กทม., กรุงเทพมหานคร","โรงเรียนนาคนาวาอุปถัมภ์ (ประถม), 96 ถ.พัฒนาการ แขวงสวนหลวง เขตสวนหลวง กทม., กรุงเทพมหานคร, ประเทศไทย"
f102c011ad79c612,โรงเรียนมัธยมนาคนาวาอุปถัมภ์,"96/1 ถ.พัฒนาการ แขวงสวนหลวง เขตสวนหลวง กทม., กรุงเทพมหานคร","โรงเรียนมัธยมนาคนาวาอุปถัมภ์, 96/1 ถ.พัฒนาการ แขวงสวนหลวง เขตสวนหลวง กทม., กรุงเทพมหานคร, ประเทศไทย"
d448dd4e6e638835,โรงเรียนวัดใต้ (ราษฎรนิมิต),"435 ถ.สุขุมวิท แขวงสวนหลวง เขตสวนหลวง กทม., กรุงเทพมหานคร","โรงเรียนวัดใต้ (ราษฎรนิมิต), 435 ถ.สุขุมวิท แขวงสวนหลวง เขตสวนหลวง กทม., กรุงเทพมหานคร, ประเทศไทย"
7322faddfd5795fd,โรงเรียนวัดทองใน,"412 สุขุมวิท 77 เขตสวนหลวง เขตสวนหลวง กทม., กรุงเทพมหานคร","โรงเรียนวัดทองใน, 412 สุขุมวิท 77 เขตสวนหลวง เขตสวนหลวง กทม., กรุงเทพมหานคร, ประเทศไทย"
308994a4750beec8,โรงเรียนวัดปากบ่อ,"292 ซ.อ่อนนุช แขวงสวนหลวง เขตสวนหลวง กทม., กรุงเทพมหานคร","โรงเรียนวัดปากบ่อ, 292 ซ.อ่อนนุช แขวงสวนหลวง เขตสวนหลวง กทม., กรุงเทพมหานคร, ประเทศไทย"
9b257b2d61008403,โรงเรียนสุเหร่าใหม่,"27 หมู่2 ถ. ศรีนครินทร์ แขวงสวนหลวง เขตสวนหลวง กทม., กรุงเทพมหานคร","โรงเรียนสุเหร่าใหม่, 27 หมู่2 ถ. ศรีนครินทร์ แขวงสวนหลวง เขตสวนหลวง กทม., กรุงเทพมหานคร, ประเทศไทย"
cc078847d3e94404,โรงเรียนหัวหมาก,"55 ถ. ศรีนครินทร์ แขวงสวนหลวง เขตสวนหลวง กทม., กรุงเทพมหานคร","โรงเรียนหัวหมาก, 55 ถ. ศรีนครินทร์ แขวงสวนหลวง เขตสวนหลวง กทม., กรุงเทพมหานคร, ประเทศไทย"
daf75e7e788fe0ca,โรงเรียนคลองสอง,"20/3 หมู่8 ถ.สุวินทวงศ์ แขวงล้าต้อยติ่ง เขตหนองจอก กทม., กรุงเทพมหานคร","โรงเรียนคลองสอง, 20/3 หมู่8 ถ.สุวินทวงศ์ แขวงล้าต้อยติ่ง เขตหนองจอก กทม., กรุงเทพมหานคร, ประเทศไทย"
c085d01e5d02de1d,โรงเรียนคารีอุปถัมภ์,"55/4 หมู่ 8 ซ.สมานศักดิ์ แขวงล้าผักชี เขตหนองกทม., กรุงเทพมหานคร","โรงเรียนคารีอุปถัมภ์, 55/4 หมู่ 8 ซ.สมานศักดิ์ แขวงล้าผักชี เขตหนองกทม., กรุงเทพมหานคร, ประเทศไทย"
44dbca987d4b2fb4,โรงเรียนนีลราษฎร์อุปถัมภ์,"59/60 หมู่ 10 แขวงกระทุ่มราย เขตหนองจอก กทม., กรุงเทพมหานคร","โรงเรียนนีลราษฎร์อุปถัมภ์, 59/60 หมู่ 10 แขวงกระทุ่มราย เขตหนองจอก กทม., กรุงเทพมหานคร, ประเทศไทย"
d8fbb7dcb239358b,โรงเรียนบ้านเจียรดับ,"แขวงโคกแผด เขตหนองจอก กทม., กรุงเทพมหานคร","โรงเรียนบ้านเจียรดับ, แขวงโคกแผด เขตหนองจอก กทม., กรุงเทพมหานคร, ประเทศไทย"
d6b331f3fc59dde9,โรงเรียนบ้านลำต้นกล้วย,"16/6 หมู่ 6 แขวงโคกแฝด เขตหนองจอก กทม., กรุงเทพมหานคร","โรงเรียนบ้านลำต้นกล้วย, 16/6 หมู่ 6 แขวงโคกแฝด เขตหนองจอก กทม., กรุงเทพมหานคร, ประเทศไทย"
0aad20d1f5cd89b7,โรงเรียนผลลีรุ่งเรือง,"หมู่ 13 หลวงแพ่ง แขวงกระทุ่มราย เขตหนองจอก กทม., กรุงเทพมหานคร","โรงเรียนผลลีรุ่งเรือง, หมู่ 13 หลวงแพ่ง แขวงกระทุ่มราย เขตหนองจอก กทม., กรุงเทพมหานคร, ประเทศไทย"
67a2ac300f192fc4,โรงเรียนลำเจดีย์,"หมู่ 5 ถ.คู้คลองสิบ แขวงคู้ฝั่งเหนือ เขตหนองจอก กทม., กรุงเทพมหานคร","โรงเรียนลำเจดีย์, หมู่ 5 ถ.คู้คลองสิบ แขวงคู้ฝั่งเหนือ เขตหนองจอก กทม., กรุงเทพมหานคร, ประเทศไทย"
1f268f0fbe5d724d,โรงเรียนลำบุหรี่พวง,"หมู่ 14 ล้าบุหรี่พวง แขวงคลองสิบ เขตหนองจอก กทม., กรุงเทพมหานคร","โรงเรียนลำบุหรี่พวง, หมู่ 14 ล้าบุหรี่พวง แขวงคลองสิบ เขตหนองจอก กทม., กรุงเทพมหานคร, ประเทศไทย"
0d699c3b1c52f288,โรงเรียนลำผักชี,"หมู่ 10 ถ.สุวินทวงศ์ แขวงล้าผักชี เขตหนองจอก กทม., กรุงเทพมหานคร","โรงเรียนลำผักชี, หมู่ 10 ถ.สุวินทวงศ์ แขวงล้าผักชี เขตหนองจอก กทม., กรุงเทพมหานคร, ประเทศไทย"
50060bc107570169,โรงเรียนวัดทรัพย์สโมสร,"42 แขวงโคกแผด เขตหนองจอก กทม., กรุงเทพมหานคร","โรงเรียนวัดทรัพย์สโมสร, 42 แขวงโคกแผด เขตหนองจอก กทม., กรุงเทพมหานคร, ประเทศไทย"
d0e32530d3077297,โรงเรียนวัดพระยาปลา,"15/1ถ.ประชาส้าราญ แขวงคลองสิบสอง เขตหนองจอก กทม., กรุงเทพมหานคร","โรงเรียนวัดพระยาปลา, 15/1ถ.ประชาส้าราญ แขวงคลองสิบสอง เขตหนองจอก กทม., กรุงเทพมหานคร, ประเทศไทย"
5aa85a885f3d7432,โรงเรียนวัดราษฎร์บำรุง,"8 หมู่ 8 ถ.สุวินทวงศ์ แขวงล้าต้อยติ่ง เขตหนองกทม., กรุงเทพมหานคร","โรงเรียนวัดราษฎร์บำรุง, 8 หมู่ 8 ถ.สุวินทวงศ์ แขวงล้าต้อยติ่ง เขตหนองกทม., กรุงเทพมหานคร, ประเทศไทย"
7210776c2ff291c9,โรงเรียนวัดลำต้อยติ่ง,"หมู่ 1 ถ.วิบูลย์สาธุกิจ แขวงล้าต้อยติ่ง เขตหนองจอก กทม., กรุงเทพมหานคร","โรงเรียนวัดลำต้อยติ่ง, หมู่ 1 ถ.วิบูลย์สาธุกิจ แขวงล้าต้อยติ่ง เขตหนองจอก กทม., กรุงเทพมหานคร, ประเทศไทย"
4482bf4023936e2d,โรงเรียนวัดสามง่าม,"1 หมู่ 8 ถ.คู้คลองสิบ แขวงคู้ฝั่งเหนือ เขตหนองจอก กทม., กรุงเทพมหานคร","โรงเรียนวัดสามง่าม, 1 หมู่ 8 ถ.คู้คลองสิบ แขวงคู้ฝั่งเหนือ เขตหนองจอก กทม., กรุงเทพมหานคร, ประเทศไทย"
cca4506bf49e3b5f,โรงเรียนวัดสีชมพู,"1/1 หมู่ 4 คลองสิบ แขวงคลองสิบ เขตหนองจอก กทม., กรุงเทพมหานคร","โรงเรียนวัดสีชมพู, 1/1 หมู่ 4 คลองสิบ แขวงคลองสิบ เขตหนองจอก กทม., กรุงเทพมหานคร, ประเทศไทย"
6e1d39a8bf7adf1b,โรงเรียนวัดแสนเกษม,"14 หมู่ 8 แขวงคลองสิบสอง เขตหนองจอก กทม., กรุงเทพมหานคร","โรงเรียนวัดแสนเกษม, 14 หมู่ 8 แขวงคลองสิบสอง เขตหนองจอก กทม., กรุงเทพมหานคร, ประเทศไทย"
39ee145a61f950a2,โรงเรียนวัดหนองจอก (ภักดีนรเศรษฐ),"18 หมู่ 2 ถ.เลียบวารี แขวงกระทุ่มราย เขตหนองจอก กทม., กรุงเทพมหานคร","โรงเรียนวัดหนองจอก (ภักดีนรเศรษฐ), 18 หมู่ 2 ถ.เลียบวารี แขวงกระทุ่มราย เขตหนองจอก กทม., กรุงเทพมหานคร, ประเทศไทย"
f9817373fb1a5cdb,โรงเรียนวัดใหม่กระทุ่มล้ม,"หมู่ 4 ถ.ร่วมพัฒนา แขวงล้าต้อยติ่ง เขตหนองจอก กทม., กรุงเทพมหานคร","โรงเรียนวัดใหม่กระทุ่มล้ม, หมู่ 4 ถ.ร่วมพัฒนา แขวงล้าต้อยติ่ง เขตหนองจอก กทม., กรุงเทพมหานคร, ประเทศไทย"
1213c86533daba8f,โรงเรียนวัดใหม่เจริญราษฎร์,"หมู่ 11 คลองสิบสี่ แขวงคลองสิบสอง เขตหนองจอก กทม., กรุงเทพมหานคร","โรงเรียนวัดใหม่เจริญราษฎร์, หมู่ 11 คลองสิบสี่ แขวงคลองสิบสอง เขตหนองจอก กทม., กรุงเทพมหานคร, ประเทศไทย"
9ca0a2bcadb188e3,โรงเรียนวัดอู่ตะเภา,"21 หมู่ 4 ถ.ฉลองกรุง แขวงล้าผักชี เขตหนองจอก กทม., กรุงเทพมหานคร","โรงเรียนวัดอู่ตะเภา, 21 หมู่ 4 ถ.ฉลองกรุง แขวงล้าผักชี เขตหนองจอก กทม., กรุงเทพมหานคร, ประเทศไทย"
a14bae26830308eb,โรงเรียนศิริวังวิทยาคาร,"หมู่ 10 ถ.สุวินทวงศ์ แขวงล้าผักชี เขตหนองจอก กทม., กรุงเทพมหานคร","โรงเรียนศิริวังวิทยาคาร, หมู่ 10 ถ.สุวินทวงศ์ แขวงล้าผักชี เขตหนองจอก กทม., กรุงเทพมหานคร, ประเทศไทย"
62109dd0bf296d5d,โรงเรียนสังฆประชานุสสรณ์,"3/3-4 หมู่ 7 แขวงล้าผักชี เขตหนองจอก กทม., กรุงเทพมหานคร","โรงเรียนสังฆประชานุสสรณ์, 3/3-4 หมู่ 7 แขวงล้าผักชี เขตหนองจอก กทม., กรุงเทพมหานคร, ประเทศไทย"
2524edbe565e537c,โรงเรียนสามแยกท่าไข่,"หมู่ 6 ถ.สังฆสันติสุข แขวงกระทุ่มราย เขตหนองจอก กทม., กรุงเทพมหานคร","โรงเรียนสามแยกท่าไข่, หมู่ 6 ถ.สังฆสันติสุข แขวงกระทุ่มราย เขตหนองจอก กทม., กรุงเทพมหานคร, ประเทศไทย"
a64825c1b77cc42b,โรงเรียนสุเหร่าคลองเก้า,"หมู่ 2 คลองเก้า แขวงคลองสิบ เขตหนองจอก กทม., กรุงเทพมหานคร","โรงเรียนสุเหร่าคลองเก้า, หมู่ 2 คลองเก้า แขวงคลองสิบ เขตหนองจอก กทม., กรุงเทพมหานคร, ประเทศไทย"
9d95c2a716a058bf,โรงเรียนสุเหร่าคลองสิบ,"18 หมู่ 8 แขวงคลองสิบ เขตหนองจอก กทม., กรุงเทพมหานคร","โรงเรียนสุเหร่าคลองสิบ, 18 หมู่ 8 แขวงคลองสิบ เขตหนองจอก กทม., กรุงเทพมหานคร, ประเทศไทย"
a0486fe6e0eb3287,โรงเรียนสุเหร่าคลองสิบเอ็ด,"58 หมู่11 แขวงคลองสิบ เขตหนองจอก กทม., กรุงเทพมหานคร","โรงเรียนสุเหร่าคลองสิบเอ็ด, 58 หมู่11 แขวงคลองสิบ เขตหนองจอก กทม., กรุงเทพมหานคร, ประเทศไทย"
bda7afee65165427,โรงเรียนสุเหร่านาตับ,"หมู่ 9 ถ.เลียบวารี แขวงโคกแฝด เขตหนองจอก กทม., กรุงเทพมหานคร","โรงเรียนสุเหร่านาตับ, หมู่ 9 ถ.เลียบวารี แขวงโคกแฝด เขตหนองจอก กทม., กรุงเทพมหานคร, ประเทศไทย"
36932bbc4aa50b61,โรงเรียนสุเหร่าบ้านเกาะ,"14 หมู่1 แขวงหนองจอก เขตหนอจอก กทม., กรุงเทพมหานคร","โรงเรียนสุเหร่าบ้านเกาะ, 14 หมู่1 แขวงหนองจอก เขตหนอจอก กทม., กรุงเทพมหานคร, ประเทศไทย"
9078f83278669a83,โรงเรียนสุเหร่าลำแขก,"หมู่ 9 ถ.สุวินทวงศ์ แขวงล้าผักชี เขตหนองจอก กทม., กรุงเทพมหานคร","โรงเรียนสุเหร่าลำแขก, หมู่ 9 ถ.สุวินทวงศ์ แขวงล้าผักชี เขตหนองจอก กทม., กรุงเทพมหานคร, ประเทศไทย"
f006e0a4c097d7c8,โรงเรียนสุเหร่าศาลาแดง,"25 ม.5 ถ.ผ่องพันธ์ แขวงหนองจอก เขตหนองจอก กทม., กรุงเทพมหานคร","โรงเรียนสุเหร่าศาลาแดง, 25 ม.5 ถ.ผ่องพันธ์ แขวงหนองจอก เขตหนองจอก กทม., กรุงเทพมหานคร, ประเทศไทย"
98f920cc775ce5a9,โรงเรียนสุเหร่าสนามกลางลำ,"74 ม.8 แขวงคู้ฝั่งเหนือ เขตหนองจอก กทม., กรุงเทพมหานคร","โรงเรียนสุเหร่าสนามกลางลำ, 74 ม.8 แขวงคู้ฝั่งเหนือ เขตหนองจอก กทม., กรุงเทพมหานคร, ประเทศไทย"
671adfdac64ba9ae,โรงเรียนสุเหร่าหะยีมินา,"ม.4 ถ.สังฆสันติสุข แขวงกระทุ่มราย เขตหนองจอก กทม., กรุงเทพมหานคร","โรงเรียนสุเหร่าหะยีมินา, ม.4 ถ.สังฆสันติสุข แขวงกระทุ่มราย เขตหนองจอก กทม., กรุงเทพมหานคร, ประเทศไทย"
9ce015f400784a01,โรงเรียนสุเหร่าใหม่,"6 คลองแสนแสบ แขวงหนองจอก เขตหนองจอก กทม., กรุงเทพมหานคร","โรงเรียนสุเหร่าใหม่, 6 คลองแสนแสบ แขวงหนองจอก เขตหนองจอก กทม., กรุงเทพมหานคร, ประเทศไทย"
edb145e7eb789fc7,โรงเรียนสุเหร่าอีรัว,"250 ม.7 ถ.เชื่อมสัมพันธ์ แขวงโคกแฝด เขตหนองจอก กทม., กรุงเทพมหานคร","โรงเรียนสุเหร่าอีรัว, 250 ม.7 ถ.เชื่อมสัมพันธ์ แขวงโคกแฝด เขตหนองจอก กทม., กรุงเทพมหานคร, ประเทศไทย"
b3e02dd2a0e641ab,โรงเรียนหนองจอกพิทยานุสรณ์,"31/1 หมู่ 9 มิตรไมตรี แขวงหนองจอก เขตหนอจอก กทม., กรุงเทพมหานคร","โรงเรียนหนองจอกพิทยานุสรณ์, 31/1 หมู่ 9 มิตรไมตรี แขวงหนองจอก เขตหนอจอก กทม., กรุงเทพมหานคร, ประเทศไทย"
3856051c552b0570,โรงเรียนหลวงแพ่ง (บำรุงรัฐกิจ ),"24/1 หมู่ 12 แขวงกระทุ่มราย เขตหนองจอก กทม., กรุงเทพมหานคร","โรงเรียนหลวงแพ่ง (บำรุงรัฐกิจ ), 24/1 หมู่ 12 แขวงกระทุ่มราย เขตหนองจอก กทม., กรุงเทพมหานคร, ประเทศไทย"
832ca159dd75757c,โรงเรียนอิสลามลำไพร,"หมู่.5 ล้าไทร แขวงโคกแฝด เขตหนองจอก กทม., กรุงเทพมหานคร","โรงเรียนอิสลามลำไพร, หมู่.5 ล้าไทร แขวงโคกแฝด เขตหนองจอก กทม., กรุงเทพมหานคร, ประเทศไทย"
8e619efe0302140b,โรงเรียนมนต์จรัสสิงห์อนุสรณ์,"ถ.พุทธมณฑลสาย 3 แขวงหนองแขม เขตหนองแขม กทม., กรุงเทพมหานคร","โรงเรียนมนต์จรัสสิงห์อนุสรณ์, ถ.พุทธมณฑลสาย 3 แขวงหนองแขม เขตหนองแขม กทม., กรุงเทพมหานคร, ประเทศไทย"
8bbebc210a09b3fb,โรงเรียนบ้านขุนประเทศ,"ถ.เพชรเกษม ซ.110 แขวงหนองค้างพลู เขตหนองแขม กทม., กรุงเทพมหานคร","โรงเรียนบ้านขุนประเทศ, ถ.เพชรเกษม ซ.110 แขวงหนองค้างพลู เขตหนองแขม กทม., กรุงเทพมหานคร, ประเทศไทย"
39574860d9eb4a3a,โรงเรียนประชาบำรุง,"ถเพชรเกษม 69 แขวงหนองแขม เขตหนองแขม กทม., กรุงเทพมหานคร","โรงเรียนประชาบำรุง, ถเพชรเกษม 69 แขวงหนองแขม เขตหนองแขม กทม., กรุงเทพมหานคร, ประเทศไทย"
f06c7bc023ae3f17,โรงเรียนวัดศรีนวลธรรมวิมล,"ถนนเพชรเกษม 81 แขวงหนองแขม เขตหนองแขม กทม., กรุงเทพมหานคร","โรงเรียนวัดศรีนวลธรรมวิมล, ถนนเพชรเกษม 81 แขวงหนองแขม เขตหนองแขม กทม., กรุงเทพมหานคร, ประเทศไทย"
981de3a8b1519795,โรงเรียนวัดหนองแขม,"ถนนเพชรเกษม 81 แขวงหนองแขม เขตหนองแขม กทม., กรุงเทพมหานคร","โรงเรียนวัดหนองแขม, ถนนเพชรเกษม 81 แขวงหนองแขม เขตหนองแขม กทม., กรุงเทพมหานคร, ประเทศไทย"
b8fa75d1990b5e0c,โรงเรียนวัดอุดมรังสี,"ถนนเพชรเกษม 79 แขวงหนองค้างพลู เขตหนองแขม กทม., กรุงเทพมหานคร","โรงเรียนวัดอุดมรังสี, ถนนเพชรเกษม 79 แขวงหนองค้างพลู เขตหนองแขม กทม., กรุงเทพมหานคร, ประเทศไทย"
07b73a1dda3b132d,โรงเรียนการเคหะท่าทราย,"304/233 ม.6 แขวงทุ่งสองห้อง เขตหลักสี่ กทม., กรุงเทพมหานคร","โรงเรียนการเคหะท่าทราย, 304/233 ม.6 แขวงทุ่งสองห้อง เขตหลักสี่ กทม., กรุงเทพมหานคร, ประเทศไทย"
ce164188704ad834,โรงเรียนเคหะทุ่งสองห้องวิทยา 1,"326 ถ.วิภาวดีรังสิต แขวงทุ่งสองห้อง เขตหลักสี่ กทม., กรุงเทพมหานคร","โรงเรียนเคหะทุ่งสองห้องวิทยา 1, 326 ถ.วิภาวดีรังสิต แขวงทุ่งสองห้อง เขตหลักสี่ กทม., กรุงเทพมหานคร, ประเทศไทย"
55cf582b87e8ee11,โรงเรียนเคหะทุ่งสองห้องวิทยา 2,"314 ม.2 ถ.วิภาวดีรังสิต แขวงทุ่งสองห้อง เขตหลักสี่ กทม., กรุงเทพมหานคร","โรงเรียนเคหะทุ่งสองห้องวิทยา 2, 314 ม.2 ถ.วิภาวดีรังสิต แขวงทุ่งสองห้อง เขตหลักสี่ กทม., กรุงเทพมหานคร, ประเทศไทย"
6d1250df13547a91,โรงเรียนทุ่งสองห้อง (คุปตัษเฐียรอุทิศ),"207 ม.4 ถ. แจ้งวัฒนะ แขวงทุ่งสองห้อ ง เขตหลักสี่ กทม., กรุงเทพมหานคร","โรงเรียนทุ่งสองห้อง (คุปตัษเฐียรอุทิศ), 207 ม.4 ถ. แจ้งวัฒนะ แขวงทุ่งสองห้อ ง เขตหลักสี่ กทม., กรุงเทพมหานคร, ประเทศไทย"
37aa26c06fa8d036,โรงเรียนบางเขน (ไว้สาลีอนุสรณ์),"106ม.1 ถ.วิภาวดีรังสิต แขวงตลาดบางเขน เขตหลักสี่ กทม., กรุงเทพมหานคร","โรงเรียนบางเขน (ไว้สาลีอนุสรณ์), 106ม.1 ถ.วิภาวดีรังสิต แขวงตลาดบางเขน เขตหลักสี่ กทม., กรุงเทพมหานคร, ประเทศไทย"
aa46e1af2b95da35,โรงเรียนวัดหลักสี่ (ทองใบ ทิวารี),"487/1 ถ.วิภาวดีรังสิต แขวงตลาดบางเขน เขตหลักสี่ กทม., กรุงเทพมหานคร","โรงเรียนวัดหลักสี่ (ทองใบ ทิวารี), 487/1 ถ.วิภาวดีรังสิต แขวงตลาดบางเขน เขตหลักสี่ กทม., กรุงเทพมหานคร, ประเทศไทย"
134ae615985d1d3f,โรงเรียนประชาราษฎร์บำเพ็ญ,"500 ถ.ประชาราษฎร์บ้าเพ็ญ แขวงสามเสนนอก เขตห้วยขวาง กทม., กรุงเทพมหานคร","โรงเรียนประชาราษฎร์บำเพ็ญ, 500 ถ.ประชาราษฎร์บ้าเพ็ญ แขวงสามเสนนอก เขตห้วยขวาง กทม., กรุงเทพมหานคร, ประเทศไทย"
3ea01a3c4784b1e3,โรงเรียนพระราม ๙ กาญจนาภิเษก,"542 ซ.พระราม 9/19 แขวงบางกะปิ เขตห้วยขวาง กทม., กรุงเทพมหานคร","โรงเรียนพระราม ๙ กาญจนาภิเษก, 542 ซ.พระราม 9/19 แขวงบางกะปิ เขตห้วยขวาง กทม., กรุงเทพมหานคร, ประเทศไทย"
f0831d8b73545a99,โรงเรียนวัดใหม่ช่องลม,"2042 ถ.เพชรบุรีตัดใหม่ แขวงบางกะปิ เขตห้วยขวาง กทม., กรุงเทพมหานคร","โรงเรียนวัดใหม่ช่องลม, 2042 ถ.เพชรบุรีตัดใหม่ แขวงบางกะปิ เขตห้วยขวาง กทม., กรุงเทพมหานคร, ประเทศไทย"
049cd51eac070bfa,สำนักปลัดกรุงเทพมหานคร,"เลขที่ 173 ศาลาว่าการกรุงเทพมหานคร (เสาชิงช้า) ถนนดินสอ แขวงเสาชิงช้า เขตพระนคร กรุงเทพมหานคร 10200, กรุงเทพมหานคร","สำนักปลัดกรุงเทพมหานคร, เลขที่ 173 ศาลาว่าการกรุงเทพมหานคร (เสาชิงช้า) ถนนดินสอ แขวงเสาชิงช้า เขตพระนคร กรุงเทพมหานคร 10200, กรุงเทพมหานคร, ประเทศไทย"
e9834905fa0d6da1,สำนักงานคณะกรรมการข้าราชการกรุงเทพมหานคร,"ตั้งอยู่ที่ 173 ศาลาว่าการกรุงเทพมหานคร 1 (เสาชิงช้า) ชั้น 4-5 ถนนดินสอ แขวงเสาชิงช้า เขตพระนคร กรุงเทพมหานคร 10200, กรุงเทพมหานคร","สำนักงานคณะกรรมการข้าราชการกรุงเทพมหานคร, ตั้งอยู่ที่ 173 ศาลาว่าการกรุงเทพมหานคร 1 (เสาชิงช้า) ชั้น 4-5 ถนนดินสอ แขวงเสาชิงช้า เขตพระนคร กรุงเทพมหานคร 10200, กรุงเทพมหานคร, ประเทศไทย"
e291e5ec8be0c6a0,สำนักการคลัง,"ศาลาว่าการกรุงเทพมหานคร 1 (เสาชิงช้า) เลขที่ 173 ถนนดินสอ แขวงเสาชิงช้า เขตพระนคร กรุงเทพมหานคร 10200, กรุงเทพมหานคร","สำนักการคลัง, ศาลาว่าการกรุงเทพมหานคร 1 (เสาชิงช้า) เลขที่ 173 ถนนดินสอ แขวงเสาชิงช้า เขตพระนคร กรุงเทพมหานคร 10200, กรุงเทพมหานคร, ประเทศไทย"
7bdfc9f56b8c65bf,สำนักการจราจรและขนส่ง,"ตั้งอยู่เลขที่ 47 ถนนมิตรไมตรี แขวงดินแดง เขตดินแดง กรุงเทพมหานคร 10400, กรุงเทพมหานคร","สำนักการจราจรและขนส่ง, ตั้งอยู่เลขที่ 47 ถนนมิตรไมตรี แขวงดินแดง เขตดินแดง กรุงเทพมหานคร 10400, กรุงเทพมหานคร, ประเทศไทย"
2c7267196cb1b0bb,สำนักการแพทย์,"เลขที่ 514 ถนนหลวง แขวงป้อมปราบศัตรูพ่าย เขตป้อมปราบศัตรูพ่าย กรุงเทพมหานคร 10100, กรุงเทพมหานคร","สำนักการแพทย์, เลขที่ 514 ถนนหลวง แขวงป้อมปราบศัตรูพ่าย เขตป้อมปราบศัตรูพ่าย กรุงเทพมหานคร 10100, กรุงเทพมหานคร, ประเทศไทย"
f608ba2adc71a01b,สำนักการโยธา,"111 อาคารสำนักการโยธา (อาคาร 7 ชั้น) ศาลาว่าการกรุงเทพมหานคร 2 ถนนมิตรไมตรี แขวงดินแดง เขตดินแดง กรุงเทพมหานคร 10400, กรุงเทพมหานคร","สำนักการโยธา, 111 อาคารสำนักการโยธา (อาคาร 7 ชั้น) ศาลาว่าการกรุงเทพมหานคร 2 ถนนมิตรไมตรี แขวงดินแดง เขตดินแดง กรุงเทพมหานคร 10400, กรุงเทพมหานคร, ประเทศไทย"
52ecc80f32f351f3,สำนักการระบายน้ำ,"123 สำนักการระบายน้ำ ถนนมิตรไมตรี แขวงดินแดง เขตดินแดง กทม. 10400, กรุงเทพมหานคร","สำนักการระบายน้ำ, 123 สำนักการระบายน้ำ ถนนมิตรไมตรี แขวงดินแดง เขตดินแดง กทม. 10400, กรุงเทพมหานคร, ประเทศไทย"
39c714768a9ced65,สำนักงบประมาณกรุงเทพมหานคร,"ศาลาว่าการกรุงเทพมหานคร 1 เลขที่ 173 ถนนดินสอ แขวงเสาชิงช้า เขตพระนคร กรุงเทพมหานคร 10200 (ชั้น 4), กรุงเทพมหานคร","สำนักงบประมาณกรุงเทพมหานคร, ศาลาว่าการกรุงเทพมหานคร 1 เลขที่ 173 ถนนดินสอ แขวงเสาชิงช้า เขตพระนคร กรุงเทพมหานคร 10200 (ชั้น 4), กรุงเทพมหานคร, ประเทศไทย"
68301088ae48534f,สำนักเทศกิจ,"เลขที่ 1 ถนนเทศบาลสาย 1 แขวงวัดกัลยาณ์ เขตธนบุรี กรุงเทพมหานคร 10600, กรุงเทพมหานคร","สำนักเทศกิจ, เลขที่ 1 ถนนเทศบาลสาย 1 แขวงวัดกัลยาณ์ เขตธนบุรี กรุงเทพมหานคร 10600, กรุงเทพมหานคร, ประเทศไทย"
b719bc60924904dc,สำนักพัฒนาสังคม,"4095/25-26 อาคาร 3 โรงเรียนฝึกอาชีพกรุงเทพมหานคร (ดินแดง 2) ถนนมิตรไมตรี 3 แขวงดินแดง เขตดินแดง กรุงเทพมหานคร 10400, กรุงเทพมหานคร","สำนักพัฒนาสังคม, 4095/25-26 อาคาร 3 โรงเรียนฝึกอาชีพกรุงเทพมหานคร (ดินแดง 2) ถนนมิตรไมตรี 3 แขวงดินแดง เขตดินแดง กรุงเทพมหานคร 10400, กรุงเทพมหานคร, ประเทศไทย"
44a3a08855715a92,สำนักการวางผังและพัฒนาเมือง,"44 ถนนวิภาวดีรังสิต แขวงดินแดง เขตดินแดง กรุงเทพมหานคร 10400, กรุงเทพมหานคร","สำนักการวางผังและพัฒนาเมือง, 44 ถนนวิภาวดีรังสิต แขวงดินแดง เขตดินแดง กรุงเทพมหานคร 10400, กรุงเทพมหานคร, ประเทศไทย"
f7fbcbc4e0753f86,สำนักยุทธศาสตร์และประเมินผล,"ศาลาว่าการกรุงเทพมหานคร (เสาชิงช้า) ชั้น 5 เลขที่ 173 ถนนดินสอ แขวงเสาชิงช้า เขตพระนคร กรุงเทพมหานคร 10200, กรุงเทพมหานคร","สำนักยุทธศาสตร์และประเมินผล, ศาลาว่าการกรุงเทพมหานคร (เสาชิงช้า) ชั้น 5 เลขที่ 173 ถนนดินสอ แขวงเสาชิงช้า เขตพระนคร กรุงเทพมหานคร 10200, กรุงเทพมหานคร, ประเทศไทย"
5f3cd3e9a85112ce,สำนักวัฒนธรรม กีฬา และการท่องเที่ยว,"อาคารสำนักงานเขตดินแดง (แห่งใหม่) ชั้น 12-17 เลขที่ 1 ถนนประชาสงเคราะห์ แขวงดินแดง เขตดินแดง กรุงเทพมหานคร 10400, กรุงเทพมหานคร","สำนักวัฒนธรรม กีฬา และการท่องเที่ยว, อาคารสำนักงานเขตดินแดง (แห่งใหม่) ชั้น 12-17 เลขที่ 1 ถนนประชาสงเคราะห์ แขวงดินแดง เขตดินแดง กรุงเทพมหานคร 10400, กรุงเทพมหานคร, ประเทศไทย"
d705df92620e6835,สำนักสิ่งแวดล้อม,"ศาลาว่าการกรุงเทพมหานคร 2 (ดินแดง) เลขที่ 111 ถนนมิตรไมตรี แขวงดินแดง เขตดินแดง กรุงเทพมหานคร 10400, กรุงเทพมหานคร","สำนักสิ่งแวดล้อม, ศาลาว่าการกรุงเทพมหานคร 2 (ดินแดง) เลขที่ 111 ถนนมิตรไมตรี แขวงดินแดง เขตดินแดง กรุงเทพมหานคร 10400, กรุงเทพมหานคร, ประเทศไทย"
8a814608b413c4bf,สำนักอนามัย,"เลขที่ 189 ชั้น 4 อาคารธานีนพรัตน์ ศาลาว่าการกรุงเทพมหานคร 2 (ดินแดง) ถนนมิตรไมตรี แขวงดินแดง เขตดินแดง กรุงเทพฯ 10400, กรุงเทพมหานคร","สำนักอนามัย, เลขที่ 189 ชั้น 4 อาคารธานีนพรัตน์ ศาลาว่าการกรุงเทพมหานคร 2 (ดินแดง) ถนนมิตรไมตรี แขวงดินแดง เขตดินแดง กรุงเทพฯ 10400, กรุงเทพมหานคร, ประเทศไทย"
c93498fac790fad9,สำนักงานเขตคลองเตย,"599 สามแยกกล้วยน้ำไท แขวงคลองเตย เขตคลองเตย กรุงเทพมหานคร 10110, กรุงเทพมหานคร","สำนักงานเขตคลองเตย, 599 สามแยกกล้วยน้ำไท แขวงคลองเตย เขตคลองเตย กรุงเทพมหานคร 10110, กรุงเทพมหานคร, ประเทศไทย"
2a96df841fb9c518,สำนักงานเขตคลองสามวา,"เลขที่ 111 ถนนเลียบคลองสอง แขวงบางชัน เขตคลองสามวา กรุงเทพมหานคร 10510, กรุงเทพมหานคร","สำนักงานเขตคลองสามวา, เลขที่ 111 ถนนเลียบคลองสอง แขวงบางชัน เขตคลองสามวา กรุงเทพมหานคร 10510, กรุงเทพมหานคร, ประเทศไทย"
474412bda80e1d76,สำนักงานเขตคันนายาว,"9 ซอยกาญจนาภิเษก 11/5 ถนนกาญจนาภิเษก แขวงคันนายาว เขตคันนายาว กรุงเทพมหานคร 10230, กรุงเทพมหานคร","สำนักงานเขตคันนายาว, 9 ซอยกาญจนาภิเษก 11/5 ถนนกาญจนาภิเษก แขวงคันนายาว เขตคันนายาว กรุงเทพมหานคร 10230, กรุงเทพมหานคร, ประเทศไทย"
32b3be526b812d65,สำนักงานเขตจตุจักร,"เลขที่ 5 ซอยวิภาวดีรังสิต 34 ถนนวิภาวดีรังสิต แขวงจตุจักร เขตจตุจักร กรุงเทพมหานคร 10900, กรุงเทพมหานคร","สำนักงานเขตจตุจักร, เลขที่ 5 ซอยวิภาวดีรังสิต 34 ถนนวิภาวดีรังสิต แขวงจตุจักร เขตจตุจักร กรุงเทพมหานคร 10900, กรุงเทพมหานคร, ประเทศไทย"
0b50d32bc9774c42,สำนักงานเขตจอมทอง,"เลขที่ 38 ซอยพระรามที่ 2 ซอย 3 (จันทร์เศรษฐ์ 2) ถนนพระรามที่ 2 แขวงบางมด เขตจอมทอง กรุงเทพมหานคร 10150, กรุงเทพมหานคร","สำนักงานเขตจอมทอง, เลขที่ 38 ซอยพระรามที่ 2 ซอย 3 (จันทร์เศรษฐ์ 2) ถนนพระรามที่ 2 แขวงบางมด เขตจอมทอง กรุงเทพมหานคร 10150, กรุงเทพมหานคร, ประเทศไทย"
1a2f8f8e199b7876,สำนักงานเขตดินแดง,"เลขที่ 1 ถนนประชาสงเคราะห์ แขวงดินแดง เขตดินแดง กรุงเทพมหานคร 10400, กรุงเทพมหานคร","สำนักงานเขตดินแดง, เลขที่ 1 ถนนประชาสงเคราะห์ แขวงดินแดง เขตดินแดง กรุงเทพมหานคร 10400, กรุงเทพมหานคร, ประเทศไทย"
89fa3c4357dcc163,สำนักงานเขตทวีวัฒนา,"เลขที่ 1 ซอยอุทยาน 5 (ถ.อุทยาน) แขวงทวีวัฒนา เขตทวีวัฒนา กรุงเทพมหานคร 10170, กรุงเทพมหานคร","สำนักงานเขตทวีวัฒนา, เลขที่ 1 ซอยอุทยาน 5 (ถ.อุทยาน) แขวงทวีวัฒนา เขตทวีวัฒนา กรุงเทพมหานคร 10170, กรุงเทพมหานคร, ประเทศไทย"
af4718bc58b6204e,สำนักงานเขตทุ่งครุ,"เลขที่ 2 ซอยประชาอุทิศ 86 (พึ่งสายบำเพ็ญ) ถนนประชาอุทิศ แขวงทุ่งครุ เขตทุ่งครุ กรุงเทพมหานคร 10140, กรุงเทพมหานคร","สำนักงานเขตทุ่งครุ, เลขที่ 2 ซอยประชาอุทิศ 86 (พึ่งสายบำเพ็ญ) ถนนประชาอุทิศ แขวงทุ่งครุ เขตทุ่งครุ กรุงเทพมหานคร 10140, กรุงเทพมหานคร, ประเทศไทย"
800de61a063854aa,สำนักงานเขตบางกอกใหญ่,"เลขที่ 1 ถนนรัชดาภิเษก แขวงวัดท่าพระ เขตบางกอกใหญ่ กรุงเทพมหานคร 10600, กรุงเทพมหานคร","สำนักงานเขตบางกอกใหญ่, เลขที่ 1 ถนนรัชดาภิเษก แขวงวัดท่าพระ เขตบางกอกใหญ่ กรุงเทพมหานคร 10600, กรุงเทพมหานคร, ประเทศไทย"
4cccbe8c5a3734bf,สำนักงานเขตบางเขน,"เลขที่ 14 หมู่ที่ 3 ถนนพหลโยธิน แขวงอนุสาวรีย์ เขตบางเขน กรุงเทพมหานคร 10220, กรุงเทพมหานคร","สำนักงานเขตบางเขน, เลขที่ 14 หมู่ที่ 3 ถนนพหลโยธิน แขวงอนุสาวรีย์ เขตบางเขน กรุงเทพมหานคร 10220, กรุงเทพมหานคร, ประเทศไทย"
3271ba973ae0926c,สำนักงานเขตบางคอแหลม,"193 ถนนพระรามที่ 3 ซอย 7 แขวงบางคอแหลม เขตบางคอแหลม กรุงเทพมหานคร 10120, กรุงเทพมหานคร","สำนักงานเขตบางคอแหลม, 193 ถนนพระรามที่ 3 ซอย 7 แขวงบางคอแหลม เขตบางคอแหลม กรุงเทพมหานคร 10120, กรุงเทพมหานคร, ประเทศไทย"
9fa55474763b4153,สำนักงานเขตบางแค,"เลขที่ 1 ซอยกาญจนาภิเษก 0010 แยก 2 ถนนกาญจนาภิเษก แขวงบางแค เขตบางแค กรุงเทพมหานคร 10160, กรุงเทพมหานคร","สำนักงานเขตบางแค, เลขที่ 1 ซอยกาญจนาภิเษก 0010 แยก 2 ถนนกาญจนาภิเษก แขวงบางแค เขตบางแค กรุงเทพมหานคร 10160, กรุงเทพมหานคร, ประเทศไทย"
ece374777b6d7bec,สำนักงานเขตบางซื่อ,"เลขที่ 99 ซอยกานต์ประภา ถนนริมคลองประปา แขวงบางซื่อ เขตบางซื่อ กรุงเทพมหานคร 10800, กรุงเทพมหานคร","สำนักงานเขตบางซื่อ, เลขที่ 99 ซอยกานต์ประภา ถนนริมคลองประปา แขวงบางซื่อ เขตบางซื่อ กรุงเทพมหานคร 10800, กรุงเทพมหานคร, ประเทศไทย"
5bc3d4e99e755618,สำนักงานเขตบางนา,"เลขที่ 888 ถนนสรรพาวุธ แขวงบางนาเหนือ เขตบางนา กรุงเทพมหานคร 10260, กรุงเทพมหานคร","สำนักงานเขตบางนา, เลขที่ 888 ถนนสรรพาวุธ แขวงบางนาเหนือ เขตบางนา กรุงเทพมหานคร 10260, กรุงเทพมหานคร, ประเทศไทย"
2b7f6ce3ca4111b8,สำนักงานเขตบางบอน,"เลขที่ 1 ซอยเอกชัย 135/1 ถนนเอกชัย แขวงบางบอนใต้ เขตบางบอน กรุงเทพมหานคร 10150, กรุงเทพมหานคร","สำนักงานเขตบางบอน, เลขที่ 1 ซอยเอกชัย 135/1 ถนนเอกชัย แขวงบางบอนใต้ เขตบางบอน กรุงเทพมหานคร 10150, กรุงเทพมหานคร, ประเทศไทย"
b678d73020d59444,สำนักงานเขตบางรัก,"เลขที่ ๕ (5) ถนนนเรศ แขวงสี่พระยา เขตบางรัก กรุงเทพมหานคร ๑๐๕๐๐, กรุงเทพมหานคร","สำนักงานเขตบางรัก, เลขที่ ๕ (5) ถนนนเรศ แขวงสี่พระยา เขตบางรัก กรุงเทพมหานคร ๑๐๕๐๐, กรุงเทพมหานคร, ประเทศไทย"
d490ef982d6527b0,สำนักงานเขตบึงกุ่ม,"เลขที่ 999 ถนนเสรีไทย ซอยเสรีไทย 43 แขวงคลองกุ่ม เขตบึงกุ่ม กรุงเทพมหานคร 10240, กรุงเทพมหานคร","สำนักงานเขตบึงกุ่ม, เลขที่ 999 ถนนเสรีไทย ซอยเสรีไทย 43 แขวงคลองกุ่ม เขตบึงกุ่ม กรุงเทพมหานคร 10240, กรุงเทพมหานคร, ประเทศไทย"
aae10cdbc24df32e,สำนักงานเขตประเวศ,"เลขที่ 33 ถนนเฉลิมพระเกียรติ ร.9 ซอย 81 แขวงประเวศ เขตประเวศ กรุงเทพมหานคร 10250, กรุงเทพมหานคร","สำนักงานเขตประเวศ, เลขที่ 33 ถนนเฉลิมพระเกียรติ ร.9 ซอย 81 แขวงประเวศ เขตประเวศ กรุงเทพมหานคร 10250, กรุงเทพมหานคร, ประเทศไทย"
0626abeeaa3fc52c,สำนักงานเขตป้อมปราบศัตรูพ่าย,"เลขที่ 50 ถนนศุภมิตร แขวงวัดโสมนัส เขตป้อมปราบศัตรูพ่าย กรุงเทพมหานคร 10100, กรุงเทพมหานคร","สำนักงานเขตป้อมปราบศัตรูพ่าย, เลขที่ 50 ถนนศุภมิตร แขวงวัดโสมนัส เขตป้อมปราบศัตรูพ่าย กรุงเทพมหานคร 10100, กรุงเทพมหานคร, ประเทศไทย"
b8c234a3c9a8d598,สำนักงานเขตพญาไท,"เลขที่ 13 ซอยอารีย์ 2 (หรือซอยพหลโยธิน 7) ถนนพหลโยธิน แขวงพญาไท เขตพญาไท กรุงเทพมหานคร 10400, กรุงเทพมหานคร","สำนักงานเขตพญาไท, เลขที่ 13 ซอยอารีย์ 2 (หรือซอยพหลโยธิน 7) ถนนพหลโยธิน แขวงพญาไท เขตพญาไท กรุงเทพมหานคร 10400, กรุงเทพมหานคร, ประเทศไทย"
f1a4152bbab41a29,สำนักงานเขตพระนคร,"เลขที่ 78 ซอยสามเสน 3 ถนนสามเสน แขวงวัดสามพระยา เขตพระนคร กรุงเทพมหานคร 10200, กรุงเทพมหานคร","สำนักงานเขตพระนคร, เลขที่ 78 ซอยสามเสน 3 ถนนสามเสน แขวงวัดสามพระยา เขตพระนคร กรุงเทพมหานคร 10200, กรุงเทพมหานคร, ประเทศไทย"
a3fe1ae6bcab5fc8,สำนักงานเขตพระโขนง,"1792 ซอยสุขุมวิท 54/1 (รัตนพราหมณ์) ถนนสุขุมวิท แขวงบางจาก เขตพระโขนง กรุงเทพมหานคร 10260, กรุงเทพมหานคร","สำนักงานเขตพระโขนง, 1792 ซอยสุขุมวิท 54/1 (รัตนพราหมณ์) ถนนสุขุมวิท แขวงบางจาก เขตพระโขนง กรุงเทพมหานคร 10260, กรุงเทพมหานคร, ประเทศไทย"
c06ba6ab45edb80d,สำนักงานเขตภาษีเจริญ,"46 ซอยเพชรเกษม 54 ถนนเพชรเกษม แขวงบางหว้า เขตภาษีเจริญ กรุงเทพมหานคร 10160, กรุงเทพมหานคร","สำนักงานเขตภาษีเจริญ, 46 ซอยเพชรเกษม 54 ถนนเพชรเกษม แขวงบางหว้า เขตภาษีเจริญ กรุงเทพมหานคร 10160, กรุงเทพมหานคร, ประเทศไทย"
e7f5c0f7fc19a55c,สำนักงานเขตยานนาวา,"209/1 ถนนนราธิวาสราชนครินทร์ 28 แขวงช่องนนทรี เขตยานนาวา กรุงเทพมหานคร 10120, กรุงเทพมหานคร","สำนักงานเขตยานนาวา, 209/1 ถนนนราธิวาสราชนครินทร์ 28 แขวงช่องนนทรี เขตยานนาวา กรุงเทพมหานคร 10120, กรุงเทพมหานคร, ประเทศไทย"
064725706ec285c7,สำนักงานเขตราชเทวี,"เลขที่ 10 ถนนพญาไท แขวงทุ่งพญาไท เขตราชเทวี กรุงเทพมหานคร 10400, กรุงเทพมหานคร","สำนักงานเขตราชเทวี, เลขที่ 10 ถนนพญาไท แขวงทุ่งพญาไท เขตราชเทวี กรุงเทพมหานคร 10400, กรุงเทพมหานคร, ประเทศไทย"
455bd975b10399b3,สำนักงานเขตราษฎร์บูรณะ,"เลขที่ 1 ถนนราษฎร์บูรณะ แขวงราษฎร์บูรณะ เขตราษฎร์บูรณะ กรุงเทพมหานคร 10140, กรุงเทพมหานคร","สำนักงานเขตราษฎร์บูรณะ, เลขที่ 1 ถนนราษฎร์บูรณะ แขวงราษฎร์บูรณะ เขตราษฎร์บูรณะ กรุงเทพมหานคร 10140, กรุงเทพมหานคร, ประเทศไทย"
80f20caa1c9ade64,สำนักงานเขตลาดพร้าว,"208 ถนนนาคนิวาส ซอยนาคนิวาส 8 แขวงลาดพร้าว เขตลาดพร้าว กรุงเทพมหานคร 10230, กรุงเทพมหานคร","สำนักงานเขตลาดพร้าว, 208 ถนนนาคนิวาส ซอยนาคนิวาส 8 แขวงลาดพร้าว เขตลาดพร้าว กรุงเทพมหานคร 10230, กรุงเทพมหานคร, ประเทศไทย"
c2c039bb1a9ccda1,สำนักงานเขตวังทองหลาง,"อาคารกาญจนนิมิต เลขที่ 999 ซอยรามคำแหง 39 (เทพลีลา) ถนนรามคำแหง แขวงพลับพลา เขตวังทองหลาง กรุงเทพมหานคร 10310, กรุงเทพมหานคร","สำนักงานเขตวังทองหลาง, อาคารกาญจนนิมิต เลขที่ 999 ซอยรามคำแหง 39 (เทพลีลา) ถนนรามคำแหง แขวงพลับพลา เขตวังทองหลาง กรุงเทพมหานคร 10310, กรุงเทพมหานคร, ประเทศไทย"
76f4da52a1045dd0,สำนักงานเขตวัฒนา,"อาคารลิเบอร์ตี้พลาซ่า ชั้น 6-8 เลขที่ 1000/29-34 ซอยสุขุมวิท 55 (ทองหล่อ) ถนนสุขุมวิท แขวงคลองตันเหนือ เขตวัฒนา กรุงเทพมหานคร 10110, กรุงเทพมหานคร","สำนักงานเขตวัฒนา, อาคารลิเบอร์ตี้พลาซ่า ชั้น 6-8 เลขที่ 1000/29-34 ซอยสุขุมวิท 55 (ทองหล่อ) ถนนสุขุมวิท แขวงคลองตันเหนือ เขตวัฒนา กรุงเทพมหานคร 10110, กรุงเทพมหานคร, ประเทศไทย"
871431de5757d756,สำนักงานเขตสะพานสูง,"เลขที่ 5 ซอยรามคำแหง 118 ถนนรามคำแหง แขวงสะพานสูง เขตสะพานสูง กรุงเทพมหานคร 10240, กรุงเทพมหานคร","สำนักงานเขตสะพานสูง, เลขที่ 5 ซอยรามคำแหง 118 ถนนรามคำแหง แขวงสะพานสูง เขตสะพานสูง กรุงเทพมหานคร 10240, กรุงเทพมหานคร, ประเทศไทย"
6a7c8888e4c1498f,สำนักงานเขตสาทร,"ตั้งอยู่เลขที่ 59 ชั้น 1 ซอยจันทน์ แขวงทุ่งวัดดอน เขตสาทร กรุงเทพมหานคร 10120, กรุงเทพมหานคร","สำนักงานเขตสาทร, ตั้งอยู่เลขที่ 59 ชั้น 1 ซอยจันทน์ แขวงทุ่งวัดดอน เขตสาทร กรุงเทพมหานคร 10120, กรุงเทพมหานคร, ประเทศไทย"
667019f7e5e5f698,สำนักงานเขตสวนหลวง,"เลขที่ 2998 ถนนพัฒนาการ แขวงพัฒนาการ เขตสวนหลวง กรุงเทพมหานคร 10250, กรุงเทพมหานคร","สำนักงานเขตสวนหลวง, เลขที่ 2998 ถนนพัฒนาการ แขวงพัฒนาการ เขตสวนหลวง กรุงเทพมหานคร 10250, กรุงเทพมหานคร, ประเทศไทย"
48d5773dea4b9b0d,สำนักงานเขตหนองจอก,"เลขที่ 16 ถนนเชื่อมสัมพันธ์ แขวงกระทุ่มราย เขตหนองจอก กรุงเทพมหานคร 10530, กรุงเทพมหานคร","สำนักงานเขตหนองจอก, เลขที่ 16 ถนนเชื่อมสัมพันธ์ แขวงกระทุ่มราย เขตหนองจอก กรุงเทพมหานคร 10530, กรุงเทพมหานคร, ประเทศไทย"
13da036ce8175c01,สำนักงานเขตหนองแขม,"เลขที่ 555 ถนนเพชรเกษม แขวงหนองค้างพลู เขตหนองแขม กรุงเทพมหานคร 10160, กรุงเทพมหานคร","สำนักงานเขตหนองแขม, เลขที่ 555 ถนนเพชรเกษม แขวงหนองค้างพลู เขตหนองแขม กรุงเทพมหานคร 10160, กรุงเทพมหานคร, ประเทศไทย"
e51cf7ea1f76495c,สำนักงานเขตหลักสี่,"เลขที่ 999 ซอยแจ้งวัฒนะ 10 ถนนแจ้งวัฒนะ แขวงทุ่งสองห้อง เขตหลักสี่ กรุงเทพมหานคร 10210, กรุงเทพมหานคร","สำนักงานเขตหลักสี่, เลขที่ 999 ซอยแจ้งวัฒนะ 10 ถนนแจ้งวัฒนะ แขวงทุ่งสองห้อง เขตหลักสี่ กรุงเทพมหานคร 10210, กรุงเทพมหานคร, ประเทศไทย"
1021e7c6d544b7c9,สำนักงานเขตห้วยขวาง,"เลขที่ 2 ถนนประชาอุทิศ แขวงห้วยขวาง เขตห้วยขวาง กรุงเทพมหานคร 10310, กรุงเทพมหานคร","สำนักงานเขตห้วยขวาง, เลขที่ 2 ถนนประชาอุทิศ แขวงห้วยขวาง เขตห้วยขวาง กรุงเทพมหานคร 10310, กรุงเทพมหานคร, ประเทศไทย"
